index,field,fresh,archived,subject,seed,calibration_fraction,scenario,poison_rate,removal_budget
0,asr,0.8209876543209876,0.8271604938271605,3,22,0.25,crcs,0.2,0.25
1,asr,0.4320987654320987,0.4074074074074074,3,33,0.25,crcs,0.15,0.25
2,asr,0.9506172839506172,0.9382716049382716,3,33,0.25,crcs,0.2,0.2
3,asr,0.7592592592592593,0.7901234567901234,3,33,0.25,crcs,0.2,0.25
4,asr,0.6851851851851852,0.7037037037037037,3,33,0.5,crcs,0.2,0.25
5,asr,0.5864197530864198,0.5679012345679012,6,33,0.25,crcs,0.1,0.25
6,accuracy,0.7546296296296297,0.75,3,22,0.25,crcs,0.2,0.25
7,accuracy,0.8564814814814815,0.8657407407407407,3,33,0.25,crcs,0.15,0.25
8,accuracy,0.8055555555555556,0.8009259259259259,3,33,0.25,crcs,0.2,0.25
9,accuracy,0.4861111111111111,0.4953703703703703,6,33,0.25,crcs,0.1,0.25
10,balanced_accuracy,0.7546296296296297,0.75,3,22,0.25,crcs,0.2,0.25
11,balanced_accuracy,0.8564814814814814,0.8657407407407407,3,33,0.25,crcs,0.15,0.25
12,balanced_accuracy,0.8055555555555556,0.800925925925926,3,33,0.25,crcs,0.2,0.25
13,balanced_accuracy,0.4861111111111111,0.4953703703703703,6,33,0.25,crcs,0.1,0.25
14,macro_f1,0.8752895752895753,0.8759165035877365,3,11,0.5,crcs,0.15,0.25
15,macro_f1,0.7552415326608874,0.7504240324892498,3,22,0.25,crcs,0.2,0.25
16,macro_f1,0.854188166494668,0.8624833828087523,3,33,0.25,crcs,0.15,0.25
17,macro_f1,0.803663002648785,0.7985808410989911,3,33,0.25,crcs,0.2,0.25
18,macro_f1,0.7947091442569113,0.7944323968975883,3,33,0.5,crcs,0.2,0.25
19,macro_f1,0.473662622476491,0.4896741958486711,6,33,0.25,crcs,0.1,0.25
20,kappa,0.6728395061728395,0.6666666666666667,3,22,0.25,crcs,0.2,0.25
21,kappa,0.808641975308642,0.8209876543209876,3,33,0.25,crcs,0.15,0.25
22,kappa,0.7407407407407407,0.7345679012345678,3,33,0.25,crcs,0.2,0.25
23,kappa,0.3148148148148147,0.3271604938271605,6,33,0.25,crcs,0.1,0.25
24,asr,0.6111111111111112,0.6018518518518519,3,55,0.5,crcs,0.2,0.2
25,accuracy,0.8402777777777778,0.8333333333333334,3,55,0.5,crcs,0.2,0.2
26,balanced_accuracy,0.8402777777777778,0.8333333333333334,3,55,0.5,crcs,0.2,0.2
27,macro_f1,0.8405254898958971,0.8337485537693339,3,55,0.5,crcs,0.2,0.2
28,kappa,0.787037037037037,0.7777777777777778,3,55,0.5,crcs,0.2,0.2
