calibration_percent,poison_percent,mean_diff_pp,manuscript_ci_low_pp,manuscript_ci_high_pp,recomputed_ci_low_pp,recomputed_ci_high_pp,p_raw,p_holm,rank_biserial,subjects_improved,ci_matches_at_2dp
25,5,-61.21,-84.91,-34.68,-84.91,-34.68,0.00390625,0.046875,-1.0,9,True
25,10,-31.3,-61.21,-2.94,-61.03,-2.87,0.0546875,0.2734375,-0.7333333333,8,False
25,15,-14.31,-55.88,26.94,-55.71,26.57,0.49609375,0.49609375,-0.2888888889,5,False
25,20,16.95,0.92,37.49,0.91,37.48,0.0546875,0.2734375,0.7333333333,2,False
50,5,-76.26,-88.87,-62.57,-88.95,-62.63,0.00390625,0.046875,-1.0,9,False
50,10,-65.0,-81.52,-47.53,-81.54,-47.51,0.00390625,0.046875,-1.0,9,False
50,15,-58.79,-78.46,-37.86,-78.35,-37.82,0.00390625,0.046875,-1.0,9,False
50,20,-10.19,-19.2,-1.63,-19.12,-1.56,0.07421875,0.2734375,-0.6888888889,7,False
80,5,-65.77,-82.43,-48.62,-82.43,-48.47,0.00390625,0.046875,-1.0,9,False
80,10,-57.94,-75.19,-41.43,-75.08,-41.48,0.00390625,0.046875,-1.0,9,False
80,15,-56.03,-74.02,-38.1,-74.02,-38.04,0.00390625,0.046875,-1.0,9,False
80,20,-13.65,-24.66,-4.02,-24.6,-4.18,0.0546875,0.2734375,-0.7333333333,6,False
