subject,seed,source_session,target_session,calibration_fraction,scenario,n_source_train,n_target_calibration,n_target_test,target_class,target_class_name,asr,accuracy,balanced_accuracy,macro_f1,kappa,sanitizer_score_median,sanitizer_score_mad,sanitizer_removed_count,sanitizer_removed_fraction,sanitizer_poison_recall,sanitizer_removal_precision
1,11,0train,1test,0.0,clean,288,0,288,1,left_hand,0.0,0.7986111111111112,0.798611111111111,0.7992160144579733,0.7314814814814814,,,,,,
1,11,0train,1test,0.0,poisoned,288,0,288,1,left_hand,0.07407407407407407,0.7395833333333334,0.7395833333333334,0.7384088766703164,0.6527777777777778,,,,,,
1,11,0train,1test,0.0,sanitized,283,0,288,1,left_hand,0.0787037037037037,0.7326388888888888,0.7326388888888888,0.7303833212288027,0.6435185185185186,0.1318846173064076,0.024134091478231222,5.0,0.017361111111111112,0.0,0.0
1,22,0train,1test,0.0,clean,288,0,288,1,left_hand,0.0,0.7986111111111112,0.798611111111111,0.7992160144579733,0.7314814814814814,,,,,,
1,22,0train,1test,0.0,poisoned,288,0,288,1,left_hand,0.06944444444444445,0.7222222222222222,0.7222222222222223,0.7190735325857587,0.6296296296296297,,,,,,
1,22,0train,1test,0.0,sanitized,284,0,288,1,left_hand,0.08333333333333333,0.7256944444444444,0.7256944444444444,0.7226480006697573,0.6342592592592593,0.13225858050238148,0.023976706726745463,4.0,0.013888888888888888,0.0,0.0
1,33,0train,1test,0.0,clean,288,0,288,1,left_hand,0.0,0.7986111111111112,0.798611111111111,0.7992160144579733,0.7314814814814814,,,,,,
1,33,0train,1test,0.0,poisoned,288,0,288,1,left_hand,0.14351851851851852,0.75,0.7499999999999999,0.7497340096824158,0.6666666666666667,,,,,,
1,33,0train,1test,0.0,sanitized,284,0,288,1,left_hand,0.1574074074074074,0.7534722222222222,0.7534722222222222,0.7531555148082073,0.6712962962962963,0.13136481030219185,0.024192901677446095,4.0,0.013888888888888888,0.0,0.0
1,44,0train,1test,0.0,clean,288,0,288,1,left_hand,0.0,0.7986111111111112,0.798611111111111,0.7992160144579733,0.7314814814814814,,,,,,
1,44,0train,1test,0.0,poisoned,288,0,288,1,left_hand,0.10648148148148148,0.7673611111111112,0.7673611111111112,0.7671146357093562,0.6898148148148149,,,,,,
1,44,0train,1test,0.0,sanitized,284,0,288,1,left_hand,0.1111111111111111,0.7604166666666666,0.7604166666666667,0.7601603189324145,0.6805555555555556,0.13238187953762282,0.02393161308785395,4.0,0.013888888888888888,0.0,0.0
1,55,0train,1test,0.0,clean,288,0,288,1,left_hand,0.0,0.7986111111111112,0.798611111111111,0.7992160144579733,0.7314814814814814,,,,,,
1,55,0train,1test,0.0,poisoned,288,0,288,1,left_hand,0.1574074074074074,0.7569444444444444,0.7569444444444444,0.7554865413441525,0.6759259259259259,,,,,,
1,55,0train,1test,0.0,sanitized,284,0,288,1,left_hand,0.18055555555555555,0.7604166666666666,0.7604166666666666,0.7596971670783673,0.6805555555555556,0.13235200944452036,0.024750409299164167,4.0,0.013888888888888888,0.0,0.0
1,11,0train,1test,0.1,clean,288,28,260,1,left_hand,0.0,0.7846153846153846,0.7846153846153846,0.7853603262139848,0.7128205128205128,,,,,,
1,11,0train,1test,0.1,poisoned,288,28,260,1,left_hand,0.06153846153846154,0.7461538461538462,0.7461538461538462,0.7443418803418804,0.6615384615384615,,,,,,
1,11,0train,1test,0.1,sanitized,283,28,260,1,left_hand,0.07692307692307693,0.7461538461538462,0.7461538461538462,0.7440621733041403,0.6615384615384615,0.1318846173064076,0.024134091478231222,5.0,0.017361111111111112,0.0,0.0
1,22,0train,1test,0.1,clean,288,28,260,1,left_hand,0.0,0.7884615384615384,0.7884615384615385,0.788339987725577,0.717948717948718,,,,,,
1,22,0train,1test,0.1,poisoned,288,28,260,1,left_hand,0.06153846153846154,0.7461538461538462,0.7461538461538461,0.7435142912355839,0.6615384615384615,,,,,,
1,22,0train,1test,0.1,sanitized,284,28,260,1,left_hand,0.05641025641025641,0.7538461538461538,0.7538461538461538,0.750881376707468,0.6717948717948719,0.13225858050238148,0.023976706726745463,4.0,0.013888888888888888,0.0,0.0
1,33,0train,1test,0.1,clean,288,28,260,1,left_hand,0.0,0.7961538461538461,0.7961538461538462,0.7968295797575584,0.7282051282051283,,,,,,
1,33,0train,1test,0.1,poisoned,288,28,260,1,left_hand,0.12307692307692308,0.75,0.75,0.7498374805343203,0.6666666666666667,,,,,,
1,33,0train,1test,0.1,sanitized,284,28,260,1,left_hand,0.1282051282051282,0.7461538461538462,0.7461538461538462,0.7457395756222662,0.6615384615384615,0.13136481030219185,0.024192901677446095,4.0,0.013888888888888888,0.0,0.0
1,44,0train,1test,0.1,clean,288,28,260,1,left_hand,0.0,0.7846153846153846,0.7846153846153846,0.784034009322278,0.7128205128205128,,,,,,
1,44,0train,1test,0.1,poisoned,288,28,260,1,left_hand,0.041025641025641026,0.7653846153846153,0.7653846153846153,0.7632107288278009,0.6871794871794872,,,,,,
1,44,0train,1test,0.1,sanitized,284,28,260,1,left_hand,0.05128205128205128,0.7384615384615385,0.7384615384615385,0.7359156657168867,0.6512820512820513,0.13238187953762282,0.02393161308785395,4.0,0.013888888888888888,0.0,0.0
1,55,0train,1test,0.1,clean,288,28,260,1,left_hand,0.0,0.7846153846153846,0.7846153846153847,0.7846362840218732,0.7128205128205128,,,,,,
1,55,0train,1test,0.1,poisoned,288,28,260,1,left_hand,0.15384615384615385,0.75,0.75,0.7494542791363733,0.6666666666666667,,,,,,
1,55,0train,1test,0.1,sanitized,284,28,260,1,left_hand,0.15384615384615385,0.7538461538461538,0.7538461538461538,0.7534495013183538,0.6717948717948719,0.13235200944452036,0.024750409299164167,4.0,0.013888888888888888,0.0,0.0
1,11,0train,1test,0.25,clean,288,72,216,1,left_hand,0.0,0.7870370370370371,0.787037037037037,0.7876051419349323,0.7160493827160495,,,,,,
1,11,0train,1test,0.25,poisoned,288,72,216,1,left_hand,0.037037037037037035,0.7638888888888888,0.7638888888888888,0.7626299856225677,0.6851851851851851,,,,,,
1,11,0train,1test,0.25,sanitized,283,72,216,1,left_hand,0.037037037037037035,0.7546296296296297,0.7546296296296295,0.7532637391239683,0.6728395061728395,0.1318846173064076,0.024134091478231222,5.0,0.017361111111111112,0.0,0.0
1,22,0train,1test,0.25,clean,288,72,216,1,left_hand,0.0,0.8101851851851852,0.8101851851851851,0.8091987468507351,0.7469135802469136,,,,,,
1,22,0train,1test,0.25,poisoned,288,72,216,1,left_hand,0.024691358024691357,0.7638888888888888,0.7638888888888888,0.7613228482676833,0.6851851851851851,,,,,,
1,22,0train,1test,0.25,sanitized,284,72,216,1,left_hand,0.024691358024691357,0.7638888888888888,0.7638888888888888,0.7613228482676833,0.6851851851851851,0.13225858050238148,0.023976706726745463,4.0,0.013888888888888888,0.0,0.0
1,33,0train,1test,0.25,clean,288,72,216,1,left_hand,0.0,0.7916666666666666,0.7916666666666666,0.7910085197821046,0.7222222222222222,,,,,,
1,33,0train,1test,0.25,poisoned,288,72,216,1,left_hand,0.1111111111111111,0.7546296296296297,0.7546296296296295,0.7542583797701241,0.6728395061728395,,,,,,
1,33,0train,1test,0.25,sanitized,284,72,216,1,left_hand,0.9629629629629629,0.7129629629629629,0.712962962962963,0.7140775573810288,0.617283950617284,0.13136481030219185,0.024192901677446095,4.0,0.013888888888888888,0.0,0.0
1,44,0train,1test,0.25,clean,288,72,216,1,left_hand,0.0,0.7546296296296297,0.7546296296296295,0.753507328584728,0.6728395061728395,,,,,,
1,44,0train,1test,0.25,poisoned,288,72,216,1,left_hand,0.030864197530864196,0.7453703703703703,0.7453703703703705,0.7423827791986359,0.6604938271604939,,,,,,
1,44,0train,1test,0.25,sanitized,284,72,216,1,left_hand,0.030864197530864196,0.7314814814814815,0.7314814814814815,0.7274169941353014,0.6419753086419753,0.13238187953762282,0.02393161308785395,4.0,0.013888888888888888,0.0,0.0
1,55,0train,1test,0.25,clean,288,72,216,1,left_hand,0.0,0.7777777777777778,0.7777777777777778,0.7774943115503035,0.7037037037037037,,,,,,
1,55,0train,1test,0.25,poisoned,288,72,216,1,left_hand,0.9012345679012346,0.6944444444444444,0.6944444444444444,0.6919306019772988,0.5925925925925926,,,,,,
1,55,0train,1test,0.25,sanitized,284,72,216,1,left_hand,0.9012345679012346,0.6805555555555556,0.6805555555555556,0.6783394583887195,0.5740740740740741,0.13235200944452036,0.024750409299164167,4.0,0.013888888888888888,0.0,0.0
1,11,0train,1test,0.5,clean,288,144,144,1,left_hand,0.0,0.7638888888888888,0.7638888888888888,0.7649856894910496,0.6851851851851851,,,,,,
1,11,0train,1test,0.5,poisoned,288,144,144,1,left_hand,0.6203703703703703,0.7638888888888888,0.7638888888888888,0.7630584631954496,0.6851851851851851,,,,,,
1,11,0train,1test,0.5,sanitized,283,144,144,1,left_hand,0.6111111111111112,0.75,0.75,0.7489845144620565,0.6666666666666667,0.1318846173064076,0.024134091478231222,5.0,0.017361111111111112,0.0,0.0
1,22,0train,1test,0.5,clean,288,144,144,1,left_hand,0.0,0.8125,0.8125,0.8113245389689057,0.75,,,,,,
1,22,0train,1test,0.5,poisoned,288,144,144,1,left_hand,0.7037037037037037,0.7430555555555556,0.7430555555555556,0.7326940639269406,0.6574074074074074,,,,,,
1,22,0train,1test,0.5,sanitized,284,144,144,1,left_hand,0.7037037037037037,0.7361111111111112,0.7361111111111112,0.7260387531539827,0.6481481481481481,0.13225858050238148,0.023976706726745463,4.0,0.013888888888888888,0.0,0.0
1,33,0train,1test,0.5,clean,288,144,144,1,left_hand,0.0,0.7708333333333334,0.7708333333333334,0.7677101018675722,0.6944444444444444,,,,,,
1,33,0train,1test,0.5,poisoned,288,144,144,1,left_hand,0.8333333333333334,0.6805555555555556,0.6805555555555556,0.6801822117706655,0.5740740740740741,,,,,,
1,33,0train,1test,0.5,sanitized,284,144,144,1,left_hand,0.8333333333333334,0.6805555555555556,0.6805555555555556,0.6801822117706655,0.5740740740740741,0.13136481030219185,0.024192901677446095,4.0,0.013888888888888888,0.0,0.0
1,44,0train,1test,0.5,clean,288,144,144,1,left_hand,0.0,0.7569444444444444,0.7569444444444444,0.7558599604974325,0.6759259259259259,,,,,,
1,44,0train,1test,0.5,poisoned,288,144,144,1,left_hand,0.6666666666666666,0.7847222222222222,0.7847222222222221,0.7821969696969697,0.712962962962963,,,,,,
1,44,0train,1test,0.5,sanitized,284,144,144,1,left_hand,0.7592592592592593,0.7430555555555556,0.7430555555555555,0.7391099014039562,0.6574074074074074,0.13238187953762282,0.02393161308785395,4.0,0.013888888888888888,0.0,0.0
1,55,0train,1test,0.5,clean,288,144,144,1,left_hand,0.0,0.7708333333333334,0.7708333333333333,0.7714534624231812,0.6944444444444444,,,,,,
1,55,0train,1test,0.5,poisoned,288,144,144,1,left_hand,0.7129629629629629,0.7083333333333334,0.7083333333333333,0.7058499456324755,0.6111111111111112,,,,,,
1,55,0train,1test,0.5,sanitized,284,144,144,1,left_hand,0.7129629629629629,0.7083333333333334,0.7083333333333333,0.7058499456324755,0.6111111111111112,0.13235200944452036,0.024750409299164167,4.0,0.013888888888888888,0.0,0.0
2,11,0train,1test,0.0,clean,288,0,288,1,left_hand,0.0,0.4722222222222222,0.4722222222222222,0.3970894036298132,0.2962962962962963,,,,,,
2,11,0train,1test,0.0,poisoned,288,0,288,1,left_hand,0.004629629629629629,0.5243055555555556,0.5243055555555556,0.4884389388656004,0.3657407407407407,,,,,,
2,11,0train,1test,0.0,sanitized,285,0,288,1,left_hand,0.0,0.5069444444444444,0.5069444444444444,0.4635791461359661,0.34259259259259256,0.14922186317430017,0.02657110845934843,3.0,0.010416666666666666,0.0,0.0
2,22,0train,1test,0.0,clean,288,0,288,1,left_hand,0.0,0.4722222222222222,0.4722222222222222,0.3970894036298132,0.2962962962962963,,,,,,
2,22,0train,1test,0.0,poisoned,288,0,288,1,left_hand,0.0,0.46875,0.46875,0.41104661199183773,0.29166666666666663,,,,,,
2,22,0train,1test,0.0,sanitized,286,0,288,1,left_hand,0.0,0.4722222222222222,0.4722222222222222,0.41108195177962614,0.2962962962962963,0.14969114676339607,0.027463600298488253,2.0,0.006944444444444444,0.0,0.0
2,33,0train,1test,0.0,clean,288,0,288,1,left_hand,0.0,0.4722222222222222,0.4722222222222222,0.3970894036298132,0.2962962962962963,,,,,,
2,33,0train,1test,0.0,poisoned,288,0,288,1,left_hand,0.0,0.5034722222222222,0.5034722222222222,0.46975708797556304,0.3379629629629629,,,,,,
2,33,0train,1test,0.0,sanitized,286,0,288,1,left_hand,0.0,0.4930555555555556,0.4930555555555555,0.45748489501319684,0.32407407407407407,0.14952850160060954,0.027160021716521418,2.0,0.006944444444444444,0.0,0.0
2,44,0train,1test,0.0,clean,288,0,288,1,left_hand,0.0,0.4722222222222222,0.4722222222222222,0.3970894036298132,0.2962962962962963,,,,,,
2,44,0train,1test,0.0,poisoned,288,0,288,1,left_hand,0.0,0.5,0.49999999999999994,0.4441240123546835,0.33333333333333337,,,,,,
2,44,0train,1test,0.0,sanitized,286,0,288,1,left_hand,0.0,0.4965277777777778,0.4965277777777778,0.43466884363668445,0.3287037037037037,0.14975466381021552,0.027400083251668803,2.0,0.006944444444444444,0.0,0.0
2,55,0train,1test,0.0,clean,288,0,288,1,left_hand,0.0,0.4722222222222222,0.4722222222222222,0.3970894036298132,0.2962962962962963,,,,,,
2,55,0train,1test,0.0,poisoned,288,0,288,1,left_hand,0.0,0.46875,0.46875,0.3855774777946824,0.29166666666666663,,,,,,
2,55,0train,1test,0.0,sanitized,286,0,288,1,left_hand,0.0,0.4618055555555556,0.4618055555555555,0.37308915946582877,0.28240740740740744,0.14952850160060954,0.027210085061984725,2.0,0.006944444444444444,0.0,0.0
2,11,0train,1test,0.1,clean,288,28,260,1,left_hand,0.0,0.5384615384615384,0.5384615384615384,0.49798763342392,0.3846153846153846,,,,,,
2,11,0train,1test,0.1,poisoned,288,28,260,1,left_hand,0.15384615384615385,0.55,0.55,0.5331990172044202,0.4,,,,,,
2,11,0train,1test,0.1,sanitized,285,28,260,1,left_hand,0.09743589743589744,0.5423076923076923,0.5423076923076923,0.5242013107221101,0.3897435897435897,0.14922186317430017,0.02657110845934843,3.0,0.010416666666666666,0.0,0.0
2,22,0train,1test,0.1,clean,288,28,260,1,left_hand,0.0,0.5615384615384615,0.5615384615384615,0.5318834281555668,0.41538461538461535,,,,,,
2,22,0train,1test,0.1,poisoned,288,28,260,1,left_hand,0.0,0.5153846153846153,0.5153846153846153,0.4875888671371902,0.3538461538461538,,,,,,
2,22,0train,1test,0.1,sanitized,286,28,260,1,left_hand,0.0,0.5,0.5,0.46843570942020274,0.33333333333333337,0.14969114676339607,0.027463600298488253,2.0,0.006944444444444444,0.0,0.0
2,33,0train,1test,0.1,clean,288,28,260,1,left_hand,0.0,0.5384615384615384,0.5384615384615384,0.4734923403791268,0.3846153846153846,,,,,,
2,33,0train,1test,0.1,poisoned,288,28,260,1,left_hand,0.0,0.5230769230769231,0.5230769230769231,0.5010530169082984,0.36410256410256414,,,,,,
2,33,0train,1test,0.1,sanitized,286,28,260,1,left_hand,0.0,0.5269230769230769,0.5269230769230769,0.5054117253465923,0.36923076923076925,0.14952850160060954,0.027160021716521418,2.0,0.006944444444444444,0.0,0.0
2,44,0train,1test,0.1,clean,288,28,260,1,left_hand,0.0,0.5576923076923077,0.5576923076923077,0.5059174176938114,0.41025641025641024,,,,,,
2,44,0train,1test,0.1,poisoned,288,28,260,1,left_hand,0.0,0.5307692307692308,0.5307692307692308,0.4815150608930285,0.37435897435897436,,,,,,
2,44,0train,1test,0.1,sanitized,286,28,260,1,left_hand,0.0,0.5192307692307693,0.5192307692307693,0.47329152386093715,0.3589743589743589,0.14975466381021552,0.027400083251668803,2.0,0.006944444444444444,0.0,0.0
2,55,0train,1test,0.1,clean,288,28,260,1,left_hand,0.0,0.55,0.55,0.5139253823864444,0.4,,,,,,
2,55,0train,1test,0.1,poisoned,288,28,260,1,left_hand,0.0,0.5230769230769231,0.523076923076923,0.4750289170995251,0.36410256410256414,,,,,,
2,55,0train,1test,0.1,sanitized,286,28,260,1,left_hand,0.0,0.5115384615384615,0.5115384615384615,0.4599925681227257,0.3487179487179487,0.14952850160060954,0.027210085061984725,2.0,0.006944444444444444,0.0,0.0
2,11,0train,1test,0.25,clean,288,72,216,1,left_hand,0.0,0.5787037037037037,0.5787037037037037,0.5502384491514927,0.43827160493827155,,,,,,
2,11,0train,1test,0.25,poisoned,288,72,216,1,left_hand,1.0,0.5324074074074074,0.5324074074074074,0.5249230769230769,0.3765432098765432,,,,,,
2,11,0train,1test,0.25,sanitized,285,72,216,1,left_hand,1.0,0.5370370370370371,0.5370370370370371,0.530989414545734,0.3827160493827161,0.14922186317430017,0.02657110845934843,3.0,0.010416666666666666,0.0,0.0
2,22,0train,1test,0.25,clean,288,72,216,1,left_hand,0.0,0.5787037037037037,0.5787037037037037,0.5520057481094474,0.43827160493827155,,,,,,
2,22,0train,1test,0.25,poisoned,288,72,216,1,left_hand,0.9382716049382716,0.5601851851851852,0.5601851851851851,0.5519901456318071,0.4135802469135802,,,,,,
2,22,0train,1test,0.25,sanitized,286,72,216,1,left_hand,0.9197530864197531,0.5462962962962963,0.5462962962962963,0.5363448049276927,0.3950617283950617,0.14969114676339607,0.027463600298488253,2.0,0.006944444444444444,0.0,0.0
2,33,0train,1test,0.25,clean,288,72,216,1,left_hand,0.0,0.5694444444444444,0.5694444444444444,0.5360303969079231,0.42592592592592593,,,,,,
2,33,0train,1test,0.25,poisoned,288,72,216,1,left_hand,0.9938271604938271,0.5509259259259259,0.5509259259259259,0.5459192864551716,0.4012345679012346,,,,,,
2,33,0train,1test,0.25,sanitized,286,72,216,1,left_hand,0.9938271604938271,0.5416666666666666,0.5416666666666666,0.5356050323909632,0.38888888888888884,0.14952850160060954,0.027160021716521418,2.0,0.006944444444444444,0.0,0.0
2,44,0train,1test,0.25,clean,288,72,216,1,left_hand,0.0,0.5972222222222222,0.5972222222222222,0.5827936048071248,0.4629629629629629,,,,,,
2,44,0train,1test,0.25,poisoned,288,72,216,1,left_hand,1.0,0.5231481481481481,0.5231481481481481,0.5237333216372485,0.3641975308641975,,,,,,
2,44,0train,1test,0.25,sanitized,286,72,216,1,left_hand,0.9938271604938271,0.5046296296296297,0.5046296296296297,0.5046319060429909,0.3395061728395061,0.14975466381021552,0.027400083251668803,2.0,0.006944444444444444,0.0,0.0
2,55,0train,1test,0.25,clean,288,72,216,1,left_hand,0.0,0.5740740740740741,0.5740740740740741,0.5324869534377059,0.4320987654320988,,,,,,
2,55,0train,1test,0.25,poisoned,288,72,216,1,left_hand,0.9814814814814815,0.5509259259259259,0.550925925925926,0.5502384844884392,0.4012345679012346,,,,,,
2,55,0train,1test,0.25,sanitized,286,72,216,1,left_hand,0.9814814814814815,0.5138888888888888,0.5138888888888888,0.5149943318452518,0.35185185185185186,0.14952850160060954,0.027210085061984725,2.0,0.006944444444444444,0.0,0.0
2,11,0train,1test,0.5,clean,288,144,144,1,left_hand,0.0,0.5486111111111112,0.5486111111111112,0.5248289951040823,0.39814814814814814,,,,,,
2,11,0train,1test,0.5,poisoned,288,144,144,1,left_hand,0.9907407407407407,0.5625,0.5625,0.5632777149321266,0.41666666666666663,,,,,,
2,11,0train,1test,0.5,sanitized,285,144,144,1,left_hand,0.9907407407407407,0.5555555555555556,0.5555555555555556,0.5573373994426627,0.40740740740740744,0.14922186317430017,0.02657110845934843,3.0,0.010416666666666666,0.0,0.0
2,22,0train,1test,0.5,clean,288,144,144,1,left_hand,0.0,0.5486111111111112,0.5486111111111112,0.5311914412268421,0.39814814814814814,,,,,,
2,22,0train,1test,0.5,poisoned,288,144,144,1,left_hand,0.9907407407407407,0.5277777777777778,0.5277777777777778,0.512266294693237,0.37037037037037035,,,,,,
2,22,0train,1test,0.5,sanitized,286,144,144,1,left_hand,0.9907407407407407,0.5208333333333334,0.5208333333333334,0.5050741721658605,0.36111111111111116,0.14969114676339607,0.027463600298488253,2.0,0.006944444444444444,0.0,0.0
2,33,0train,1test,0.5,clean,288,144,144,1,left_hand,0.0,0.5833333333333334,0.5833333333333334,0.5563423222053983,0.4444444444444444,,,,,,
2,33,0train,1test,0.5,poisoned,288,144,144,1,left_hand,0.9907407407407407,0.5694444444444444,0.5694444444444444,0.5659588675213676,0.42592592592592593,,,,,,
2,33,0train,1test,0.5,sanitized,286,144,144,1,left_hand,0.9907407407407407,0.5694444444444444,0.5694444444444444,0.5659588675213676,0.42592592592592593,0.14952850160060954,0.027160021716521418,2.0,0.006944444444444444,0.0,0.0
2,44,0train,1test,0.5,clean,288,144,144,1,left_hand,0.0,0.6180555555555556,0.6180555555555556,0.6013888888888889,0.4907407407407407,,,,,,
2,44,0train,1test,0.5,poisoned,288,144,144,1,left_hand,0.9814814814814815,0.5555555555555556,0.5555555555555556,0.538651892638427,0.40740740740740744,,,,,,
2,44,0train,1test,0.5,sanitized,286,144,144,1,left_hand,0.9814814814814815,0.5486111111111112,0.5486111111111112,0.5315904476633557,0.39814814814814814,0.14975466381021552,0.027400083251668803,2.0,0.006944444444444444,0.0,0.0
2,55,0train,1test,0.5,clean,288,144,144,1,left_hand,0.0,0.5486111111111112,0.548611111111111,0.5315002094663112,0.39814814814814814,,,,,,
2,55,0train,1test,0.5,poisoned,288,144,144,1,left_hand,0.9907407407407407,0.5833333333333334,0.5833333333333334,0.5855353647541838,0.4444444444444444,,,,,,
2,55,0train,1test,0.5,sanitized,286,144,144,1,left_hand,0.9907407407407407,0.5625,0.5625,0.5648478956891073,0.41666666666666663,0.14952850160060954,0.027210085061984725,2.0,0.006944444444444444,0.0,0.0
3,11,0train,1test,0.0,clean,288,0,288,1,left_hand,0.0,0.8472222222222222,0.8472222222222222,0.8457415128052412,0.7962962962962963,,,,,,
3,11,0train,1test,0.0,poisoned,288,0,288,1,left_hand,0.07407407407407407,0.8402777777777778,0.8402777777777778,0.837082699700791,0.787037037037037,,,,,,
3,11,0train,1test,0.0,sanitized,284,0,288,1,left_hand,0.06481481481481481,0.8402777777777778,0.8402777777777778,0.8360595182141835,0.787037037037037,0.1459297406429707,0.02976600411051014,4.0,0.013888888888888888,0.0,0.0
3,22,0train,1test,0.0,clean,288,0,288,1,left_hand,0.0,0.8472222222222222,0.8472222222222222,0.8457415128052412,0.7962962962962963,,,,,,
3,22,0train,1test,0.0,poisoned,288,0,288,1,left_hand,0.05092592592592592,0.84375,0.84375,0.8420980499326234,0.7916666666666666,,,,,,
3,22,0train,1test,0.0,sanitized,285,0,288,1,left_hand,0.05092592592592592,0.8333333333333334,0.8333333333333333,0.8311965811965811,0.7777777777777778,0.145705594459475,0.029722178932050855,3.0,0.010416666666666666,0.0,0.0
3,33,0train,1test,0.0,clean,288,0,288,1,left_hand,0.0,0.8472222222222222,0.8472222222222222,0.8457415128052412,0.7962962962962963,,,,,,
3,33,0train,1test,0.0,poisoned,288,0,288,1,left_hand,0.05092592592592592,0.8263888888888888,0.8263888888888888,0.8217229593651936,0.7685185185185185,,,,,,
3,33,0train,1test,0.0,sanitized,284,0,288,1,left_hand,0.046296296296296294,0.8194444444444444,0.8194444444444444,0.813906985833464,0.7592592592592593,0.14312239613868183,0.03113054377283886,4.0,0.013888888888888888,0.0,0.0
3,44,0train,1test,0.0,clean,288,0,288,1,left_hand,0.0,0.8472222222222222,0.8472222222222222,0.8457415128052412,0.7962962962962963,,,,,,
3,44,0train,1test,0.0,poisoned,288,0,288,1,left_hand,0.037037037037037035,0.8159722222222222,0.8159722222222222,0.8114874701107649,0.7546296296296297,,,,,,
3,44,0train,1test,0.0,sanitized,284,0,288,1,left_hand,0.037037037037037035,0.8090277777777778,0.8090277777777778,0.8041362670924714,0.7453703703703703,0.14491787480339102,0.03146902248386894,4.0,0.013888888888888888,0.0,0.0
3,55,0train,1test,0.0,clean,288,0,288,1,left_hand,0.0,0.8472222222222222,0.8472222222222222,0.8457415128052412,0.7962962962962963,,,,,,
3,55,0train,1test,0.0,poisoned,288,0,288,1,left_hand,0.037037037037037035,0.8402777777777778,0.8402777777777778,0.8370304023906872,0.787037037037037,,,,,,
3,55,0train,1test,0.0,sanitized,284,0,288,1,left_hand,0.046296296296296294,0.8263888888888888,0.826388888888889,0.8224287548432951,0.7685185185185185,0.14454675447097268,0.03040952603060401,4.0,0.013888888888888888,0.0,0.0
3,11,0train,1test,0.1,clean,288,28,260,1,left_hand,0.0,0.8423076923076923,0.8423076923076924,0.8402804405692723,0.7897435897435897,,,,,,
3,11,0train,1test,0.1,poisoned,288,28,260,1,left_hand,0.06666666666666667,0.8461538461538461,0.8461538461538461,0.8445099304023086,0.7948717948717949,,,,,,
3,11,0train,1test,0.1,sanitized,284,28,260,1,left_hand,0.06666666666666667,0.8384615384615385,0.8384615384615386,0.8366339614100606,0.7846153846153846,0.1459297406429707,0.02976600411051014,4.0,0.013888888888888888,0.0,0.0
3,22,0train,1test,0.1,clean,288,28,260,1,left_hand,0.0,0.8423076923076923,0.8423076923076924,0.8403629353103037,0.7897435897435897,,,,,,
3,22,0train,1test,0.1,poisoned,288,28,260,1,left_hand,0.046153846153846156,0.8192307692307692,0.8192307692307692,0.8167069029162053,0.7589743589743589,,,,,,
3,22,0train,1test,0.1,sanitized,285,28,260,1,left_hand,0.046153846153846156,0.7961538461538461,0.7961538461538461,0.7934571215019777,0.7282051282051283,0.145705594459475,0.029722178932050855,3.0,0.010416666666666666,0.0,0.0
3,33,0train,1test,0.1,clean,288,28,260,1,left_hand,0.0,0.8615384615384616,0.8615384615384616,0.8598950309444224,0.8153846153846154,,,,,,
3,33,0train,1test,0.1,poisoned,288,28,260,1,left_hand,0.03076923076923077,0.8423076923076923,0.8423076923076923,0.839116964629712,0.7897435897435897,,,,,,
3,33,0train,1test,0.1,sanitized,284,28,260,1,left_hand,0.02564102564102564,0.8423076923076923,0.8423076923076923,0.839026744831178,0.7897435897435897,0.14312239613868183,0.03113054377283886,4.0,0.013888888888888888,0.0,0.0
3,44,0train,1test,0.1,clean,288,28,260,1,left_hand,0.0,0.8423076923076923,0.8423076923076924,0.8407198704603285,0.7897435897435897,,,,,,
3,44,0train,1test,0.1,poisoned,288,28,260,1,left_hand,0.035897435897435895,0.8153846153846154,0.8153846153846154,0.8113808786192483,0.7538461538461538,,,,,,
3,44,0train,1test,0.1,sanitized,284,28,260,1,left_hand,0.035897435897435895,0.8115384615384615,0.8115384615384615,0.8070271757438531,0.7487179487179487,0.14491787480339102,0.03146902248386894,4.0,0.013888888888888888,0.0,0.0
3,55,0train,1test,0.1,clean,288,28,260,1,left_hand,0.0,0.8461538461538461,0.8461538461538461,0.8454649275710765,0.7948717948717949,,,,,,
3,55,0train,1test,0.1,poisoned,288,28,260,1,left_hand,0.046153846153846156,0.8461538461538461,0.8461538461538461,0.8432480454868514,0.7948717948717949,,,,,,
3,55,0train,1test,0.1,sanitized,284,28,260,1,left_hand,0.041025641025641026,0.8461538461538461,0.8461538461538463,0.842747146619842,0.7948717948717949,0.14454675447097268,0.03040952603060401,4.0,0.013888888888888888,0.0,0.0
3,11,0train,1test,0.25,clean,288,72,216,1,left_hand,0.0,0.8518518518518519,0.8518518518518519,0.8507654085635736,0.8024691358024691,,,,,,
3,11,0train,1test,0.25,poisoned,288,72,216,1,left_hand,0.030864197530864196,0.8472222222222222,0.8472222222222221,0.8451771406152964,0.7962962962962963,,,,,,
3,11,0train,1test,0.25,sanitized,284,72,216,1,left_hand,0.030864197530864196,0.8287037037037037,0.8287037037037037,0.8262431330852382,0.7716049382716049,0.1459297406429707,0.02976600411051014,4.0,0.013888888888888888,0.0,0.0
3,22,0train,1test,0.25,clean,288,72,216,1,left_hand,0.0,0.8287037037037037,0.8287037037037036,0.8270459338420504,0.7716049382716049,,,,,,
3,22,0train,1test,0.25,poisoned,288,72,216,1,left_hand,0.037037037037037035,0.8333333333333334,0.8333333333333333,0.8324995958198497,0.7777777777777778,,,,,,
3,22,0train,1test,0.25,sanitized,285,72,216,1,left_hand,0.037037037037037035,0.8333333333333334,0.8333333333333333,0.8324995958198497,0.7777777777777778,0.145705594459475,0.029722178932050855,3.0,0.010416666666666666,0.0,0.0
3,33,0train,1test,0.25,clean,288,72,216,1,left_hand,0.0,0.8611111111111112,0.8611111111111112,0.8593531781605177,0.8148148148148149,,,,,,
3,33,0train,1test,0.25,poisoned,288,72,216,1,left_hand,0.018518518518518517,0.8425925925925926,0.8425925925925926,0.8389727271611455,0.7901234567901234,,,,,,
3,33,0train,1test,0.25,sanitized,284,72,216,1,left_hand,0.018518518518518517,0.8379629629629629,0.837962962962963,0.8348796115389036,0.7839506172839507,0.14312239613868183,0.03113054377283886,4.0,0.013888888888888888,0.0,0.0
3,44,0train,1test,0.25,clean,288,72,216,1,left_hand,0.0,0.8657407407407407,0.8657407407407407,0.8646299801116315,0.8209876543209876,,,,,,
3,44,0train,1test,0.25,poisoned,288,72,216,1,left_hand,0.043209876543209874,0.8194444444444444,0.8194444444444444,0.8157222794778289,0.7592592592592593,,,,,,
3,44,0train,1test,0.25,sanitized,284,72,216,1,left_hand,0.043209876543209874,0.8148148148148148,0.8148148148148148,0.8103548605677089,0.7530864197530864,0.14491787480339102,0.03146902248386894,4.0,0.013888888888888888,0.0,0.0
3,55,0train,1test,0.25,clean,288,72,216,1,left_hand,0.0,0.8564814814814815,0.8564814814814814,0.8560703684470345,0.808641975308642,,,,,,
3,55,0train,1test,0.25,poisoned,288,72,216,1,left_hand,0.030864197530864196,0.8657407407407407,0.8657407407407407,0.8641056370414169,0.8209876543209876,,,,,,
3,55,0train,1test,0.25,sanitized,284,72,216,1,left_hand,0.030864197530864196,0.8564814814814815,0.8564814814814814,0.8544036534327797,0.808641975308642,0.14454675447097268,0.03040952603060401,4.0,0.013888888888888888,0.0,0.0
3,11,0train,1test,0.5,clean,288,144,144,1,left_hand,0.0,0.8888888888888888,0.888888888888889,0.8892627071408665,0.8518518518518519,,,,,,
3,11,0train,1test,0.5,poisoned,288,144,144,1,left_hand,0.7685185185185185,0.8263888888888888,0.8263888888888888,0.8242191738355421,0.7685185185185185,,,,,,
3,11,0train,1test,0.5,sanitized,284,144,144,1,left_hand,0.7685185185185185,0.8194444444444444,0.8194444444444444,0.8166699455702013,0.7592592592592593,0.1459297406429707,0.02976600411051014,4.0,0.013888888888888888,0.0,0.0
3,22,0train,1test,0.5,clean,288,144,144,1,left_hand,0.0,0.8402777777777778,0.8402777777777779,0.8407858260675163,0.787037037037037,,,,,,
3,22,0train,1test,0.5,poisoned,288,144,144,1,left_hand,0.6944444444444444,0.8125,0.8125,0.8100459501767834,0.75,,,,,,
3,22,0train,1test,0.5,sanitized,285,144,144,1,left_hand,0.6944444444444444,0.8055555555555556,0.8055555555555556,0.8035258490157906,0.7407407407407407,0.145705594459475,0.029722178932050855,3.0,0.010416666666666666,0.0,0.0
3,33,0train,1test,0.5,clean,288,144,144,1,left_hand,0.0,0.8472222222222222,0.8472222222222223,0.8438742843920972,0.7962962962962963,,,,,,
3,33,0train,1test,0.5,poisoned,288,144,144,1,left_hand,0.7592592592592593,0.8125,0.8125,0.8045841446706906,0.75,,,,,,
3,33,0train,1test,0.5,sanitized,284,144,144,1,left_hand,0.7314814814814815,0.8194444444444444,0.8194444444444444,0.8124204722826145,0.7592592592592593,0.14312239613868183,0.03113054377283886,4.0,0.013888888888888888,0.0,0.0
3,44,0train,1test,0.5,clean,288,144,144,1,left_hand,0.0,0.875,0.875,0.8742182956923454,0.8333333333333334,,,,,,
3,44,0train,1test,0.5,poisoned,288,144,144,1,left_hand,0.7407407407407407,0.8680555555555556,0.8680555555555556,0.8652777777777778,0.8240740740740741,,,,,,
3,44,0train,1test,0.5,sanitized,284,144,144,1,left_hand,0.75,0.8680555555555556,0.8680555555555556,0.8652777777777778,0.8240740740740741,0.14491787480339102,0.03146902248386894,4.0,0.013888888888888888,0.0,0.0
3,55,0train,1test,0.5,clean,288,144,144,1,left_hand,0.0,0.8888888888888888,0.8888888888888888,0.8873320767841316,0.8518518518518519,,,,,,
3,55,0train,1test,0.5,poisoned,288,144,144,1,left_hand,0.6944444444444444,0.8611111111111112,0.8611111111111112,0.8578209410573027,0.8148148148148149,,,,,,
3,55,0train,1test,0.5,sanitized,284,144,144,1,left_hand,0.6944444444444444,0.8611111111111112,0.8611111111111112,0.8578209410573027,0.8148148148148149,0.14454675447097268,0.03040952603060401,4.0,0.013888888888888888,0.0,0.0
4,11,0train,1test,0.0,clean,288,0,288,1,left_hand,0.0,0.6770833333333334,0.6770833333333334,0.6741212224212559,0.5694444444444444,,,,,,
4,11,0train,1test,0.0,poisoned,288,0,288,1,left_hand,0.18981481481481483,0.6284722222222222,0.6284722222222222,0.6277514099094539,0.5046296296296297,,,,,,
4,11,0train,1test,0.0,sanitized,283,0,288,1,left_hand,0.21296296296296297,0.6388888888888888,0.6388888888888888,0.6374897987044574,0.5185185185185186,0.10860146734669268,0.015508386119822033,5.0,0.017361111111111112,0.034482758620689655,0.2
4,22,0train,1test,0.0,clean,288,0,288,1,left_hand,0.0,0.6770833333333334,0.6770833333333334,0.6741212224212559,0.5694444444444444,,,,,,
4,22,0train,1test,0.0,poisoned,288,0,288,1,left_hand,0.125,0.6736111111111112,0.6736111111111112,0.6742149772988567,0.5648148148148149,,,,,,
4,22,0train,1test,0.0,sanitized,281,0,288,1,left_hand,0.12037037037037036,0.6631944444444444,0.6631944444444444,0.6649105443851717,0.5509259259259259,0.10896225108400726,0.01526032651254565,7.0,0.024305555555555556,0.13793103448275862,0.5714285714285714
4,33,0train,1test,0.0,clean,288,0,288,1,left_hand,0.0,0.6770833333333334,0.6770833333333334,0.6741212224212559,0.5694444444444444,,,,,,
4,33,0train,1test,0.0,poisoned,288,0,288,1,left_hand,0.2222222222222222,0.6215277777777778,0.6215277777777778,0.619909318489886,0.49537037037037035,,,,,,
4,33,0train,1test,0.0,sanitized,284,0,288,1,left_hand,0.2361111111111111,0.6111111111111112,0.611111111111111,0.607110641778414,0.4814814814814815,0.10823710037376931,0.01588763379401486,4.0,0.013888888888888888,0.034482758620689655,0.25
4,44,0train,1test,0.0,clean,288,0,288,1,left_hand,0.0,0.6770833333333334,0.6770833333333334,0.6741212224212559,0.5694444444444444,,,,,,
4,44,0train,1test,0.0,poisoned,288,0,288,1,left_hand,0.1527777777777778,0.65625,0.65625,0.656791984863278,0.5416666666666667,,,,,,
4,44,0train,1test,0.0,sanitized,281,0,288,1,left_hand,0.24074074074074073,0.6527777777777778,0.6527777777777778,0.6537165085332378,0.537037037037037,0.1081989205832862,0.015091697150016847,7.0,0.024305555555555556,0.034482758620689655,0.14285714285714285
4,55,0train,1test,0.0,clean,288,0,288,1,left_hand,0.0,0.6770833333333334,0.6770833333333334,0.6741212224212559,0.5694444444444444,,,,,,
4,55,0train,1test,0.0,poisoned,288,0,288,1,left_hand,0.13425925925925927,0.6909722222222222,0.6909722222222223,0.692561249519636,0.587962962962963,,,,,,
4,55,0train,1test,0.0,sanitized,281,0,288,1,left_hand,0.19907407407407407,0.6736111111111112,0.673611111111111,0.6729878157127073,0.5648148148148149,0.10791847938956967,0.014406485008849702,7.0,0.024305555555555556,0.034482758620689655,0.14285714285714285
4,11,0train,1test,0.1,clean,288,28,260,1,left_hand,0.0,0.6269230769230769,0.6269230769230769,0.6258833789620672,0.5025641025641026,,,,,,
4,11,0train,1test,0.1,poisoned,288,28,260,1,left_hand,0.26153846153846155,0.6346153846153846,0.6346153846153846,0.6336154001347877,0.5128205128205128,,,,,,
4,11,0train,1test,0.1,sanitized,283,28,260,1,left_hand,0.15384615384615385,0.6423076923076924,0.6423076923076922,0.6426718126795526,0.523076923076923,0.10860146734669268,0.015508386119822033,5.0,0.017361111111111112,0.034482758620689655,0.2
4,22,0train,1test,0.1,clean,288,28,260,1,left_hand,0.0,0.676923076923077,0.676923076923077,0.6741677147539287,0.5692307692307692,,,,,,
4,22,0train,1test,0.1,poisoned,288,28,260,1,left_hand,0.24102564102564103,0.6692307692307692,0.6692307692307692,0.6692633185959888,0.558974358974359,,,,,,
4,22,0train,1test,0.1,sanitized,281,28,260,1,left_hand,0.2,0.676923076923077,0.6769230769230768,0.6772341430428028,0.5692307692307692,0.10896225108400726,0.01526032651254565,7.0,0.024305555555555556,0.13793103448275862,0.5714285714285714
4,33,0train,1test,0.1,clean,288,28,260,1,left_hand,0.010256410256410256,0.6230769230769231,0.6230769230769231,0.6226707389391029,0.49743589743589745,,,,,,
4,33,0train,1test,0.1,poisoned,288,28,260,1,left_hand,0.21025641025641026,0.6538461538461539,0.6538461538461539,0.6530391715110995,0.5384615384615384,,,,,,
4,33,0train,1test,0.1,sanitized,284,28,260,1,left_hand,0.2,0.6538461538461539,0.6538461538461539,0.6537014237388945,0.5384615384615384,0.10823710037376931,0.01588763379401486,4.0,0.013888888888888888,0.034482758620689655,0.25
4,44,0train,1test,0.1,clean,288,28,260,1,left_hand,0.0,0.6653846153846154,0.6653846153846154,0.6626929394373273,0.5538461538461539,,,,,,
4,44,0train,1test,0.1,poisoned,288,28,260,1,left_hand,0.09743589743589744,0.6538461538461539,0.6538461538461539,0.6486413704210144,0.5384615384615384,,,,,,
4,44,0train,1test,0.1,sanitized,281,28,260,1,left_hand,0.14871794871794872,0.6346153846153846,0.6346153846153847,0.6300132846273786,0.5128205128205128,0.1081989205832862,0.015091697150016847,7.0,0.024305555555555556,0.034482758620689655,0.14285714285714285
4,55,0train,1test,0.1,clean,288,28,260,1,left_hand,0.0,0.6307692307692307,0.6307692307692307,0.6291686472984183,0.5076923076923077,,,,,,
4,55,0train,1test,0.1,poisoned,288,28,260,1,left_hand,0.17435897435897435,0.6884615384615385,0.6884615384615385,0.689433302697088,0.5846153846153845,,,,,,
4,55,0train,1test,0.1,sanitized,281,28,260,1,left_hand,0.19487179487179487,0.6730769230769231,0.673076923076923,0.6739797421770541,0.5641025641025641,0.10791847938956967,0.014406485008849702,7.0,0.024305555555555556,0.034482758620689655,0.14285714285714285
4,11,0train,1test,0.25,clean,288,72,216,1,left_hand,0.0,0.6157407407407407,0.6157407407407408,0.6171545148742369,0.48765432098765427,,,,,,
4,11,0train,1test,0.25,poisoned,288,72,216,1,left_hand,0.8333333333333334,0.5925925925925926,0.5925925925925926,0.5832562852255576,0.45679012345679015,,,,,,
4,11,0train,1test,0.25,sanitized,283,72,216,1,left_hand,0.8518518518518519,0.5740740740740741,0.5740740740740742,0.5619702773147046,0.4320987654320988,0.10860146734669268,0.015508386119822033,5.0,0.017361111111111112,0.034482758620689655,0.2
4,22,0train,1test,0.25,clean,288,72,216,1,left_hand,0.0,0.6342592592592593,0.6342592592592593,0.6349648348097543,0.5123456790123457,,,,,,
4,22,0train,1test,0.25,poisoned,288,72,216,1,left_hand,0.12345679012345678,0.5740740740740741,0.5740740740740742,0.5714494982787666,0.4320987654320988,,,,,,
4,22,0train,1test,0.25,sanitized,281,72,216,1,left_hand,0.12345679012345678,0.5787037037037037,0.5787037037037037,0.5763903770005724,0.43827160493827155,0.10896225108400726,0.01526032651254565,7.0,0.024305555555555556,0.13793103448275862,0.5714285714285714
4,33,0train,1test,0.25,clean,288,72,216,1,left_hand,0.0,0.6481481481481481,0.6481481481481481,0.6475404017399319,0.5308641975308642,,,,,,
4,33,0train,1test,0.25,poisoned,288,72,216,1,left_hand,0.4012345679012346,0.6157407407407407,0.6157407407407407,0.6153616762765418,0.48765432098765427,,,,,,
4,33,0train,1test,0.25,sanitized,284,72,216,1,left_hand,0.19135802469135801,0.6111111111111112,0.611111111111111,0.6111352597008334,0.4814814814814815,0.10823710037376931,0.01588763379401486,4.0,0.013888888888888888,0.034482758620689655,0.25
4,44,0train,1test,0.25,clean,288,72,216,1,left_hand,0.0,0.6805555555555556,0.6805555555555556,0.6805626746952875,0.5740740740740741,,,,,,
4,44,0train,1test,0.25,poisoned,288,72,216,1,left_hand,0.8518518518518519,0.5648148148148148,0.5648148148148149,0.5567118107993052,0.41975308641975306,,,,,,
4,44,0train,1test,0.25,sanitized,281,72,216,1,left_hand,0.8271604938271605,0.5694444444444444,0.5694444444444444,0.5573929231604183,0.42592592592592593,0.1081989205832862,0.015091697150016847,7.0,0.024305555555555556,0.034482758620689655,0.14285714285714285
4,55,0train,1test,0.25,clean,288,72,216,1,left_hand,0.0,0.6481481481481481,0.6481481481481481,0.6458628087917837,0.5308641975308642,,,,,,
4,55,0train,1test,0.25,poisoned,288,72,216,1,left_hand,0.8888888888888888,0.6018518518518519,0.6018518518518517,0.5879824732275205,0.4691358024691358,,,,,,
4,55,0train,1test,0.25,sanitized,281,72,216,1,left_hand,0.8765432098765432,0.5925925925925926,0.5925925925925927,0.5772863030898134,0.45679012345679015,0.10791847938956967,0.014406485008849702,7.0,0.024305555555555556,0.034482758620689655,0.14285714285714285
4,11,0train,1test,0.5,clean,288,144,144,1,left_hand,0.0,0.6805555555555556,0.6805555555555556,0.6818653474903476,0.5740740740740741,,,,,,
4,11,0train,1test,0.5,poisoned,288,144,144,1,left_hand,0.8240740740740741,0.6666666666666666,0.6666666666666666,0.6633431905370843,0.5555555555555556,,,,,,
4,11,0train,1test,0.5,sanitized,283,144,144,1,left_hand,0.8333333333333334,0.6597222222222222,0.6597222222222222,0.655075065787817,0.5462962962962963,0.10860146734669268,0.015508386119822033,5.0,0.017361111111111112,0.034482758620689655,0.2
4,22,0train,1test,0.5,clean,288,144,144,1,left_hand,0.0,0.7222222222222222,0.7222222222222222,0.7239003709591945,0.6296296296296297,,,,,,
4,22,0train,1test,0.5,poisoned,288,144,144,1,left_hand,0.8148148148148148,0.6666666666666666,0.6666666666666666,0.6585266849139793,0.5555555555555556,,,,,,
4,22,0train,1test,0.5,sanitized,281,144,144,1,left_hand,0.7222222222222222,0.6944444444444444,0.6944444444444444,0.694821649234663,0.5925925925925926,0.10896225108400726,0.01526032651254565,7.0,0.024305555555555556,0.13793103448275862,0.5714285714285714
4,33,0train,1test,0.5,clean,288,144,144,1,left_hand,0.0,0.6666666666666666,0.6666666666666666,0.6682370462517095,0.5555555555555556,,,,,,
4,33,0train,1test,0.5,poisoned,288,144,144,1,left_hand,0.8240740740740741,0.6388888888888888,0.6388888888888888,0.6334791596557858,0.5185185185185186,,,,,,
4,33,0train,1test,0.5,sanitized,284,144,144,1,left_hand,0.8333333333333334,0.6597222222222222,0.6597222222222222,0.6572929802437999,0.5462962962962963,0.10823710037376931,0.01588763379401486,4.0,0.013888888888888888,0.034482758620689655,0.25
4,44,0train,1test,0.5,clean,288,144,144,1,left_hand,0.0,0.6388888888888888,0.6388888888888888,0.6382832080200501,0.5185185185185186,,,,,,
4,44,0train,1test,0.5,poisoned,288,144,144,1,left_hand,0.7685185185185185,0.6111111111111112,0.6111111111111112,0.596019661688928,0.4814814814814815,,,,,,
4,44,0train,1test,0.5,sanitized,281,144,144,1,left_hand,0.7777777777777778,0.625,0.625,0.6095315904139433,0.5,0.1081989205832862,0.015091697150016847,7.0,0.024305555555555556,0.034482758620689655,0.14285714285714285
4,55,0train,1test,0.5,clean,288,144,144,1,left_hand,0.0,0.6875,0.6875,0.6870714371364384,0.5833333333333333,,,,,,
4,55,0train,1test,0.5,poisoned,288,144,144,1,left_hand,0.7592592592592593,0.6458333333333334,0.6458333333333333,0.6409765355417529,0.5277777777777778,,,,,,
4,55,0train,1test,0.5,sanitized,281,144,144,1,left_hand,0.7592592592592593,0.6388888888888888,0.638888888888889,0.6387987961664329,0.5185185185185186,0.10791847938956967,0.014406485008849702,7.0,0.024305555555555556,0.034482758620689655,0.14285714285714285
5,11,0train,1test,0.0,clean,288,0,288,1,left_hand,0.0,0.3923611111111111,0.3923611111111111,0.35402501501156214,0.18981481481481477,,,,,,
5,11,0train,1test,0.0,poisoned,288,0,288,1,left_hand,0.7222222222222222,0.3819444444444444,0.3819444444444445,0.3697519599891863,0.17592592592592593,,,,,,
5,11,0train,1test,0.0,sanitized,282,0,288,1,left_hand,0.032407407407407406,0.3993055555555556,0.3993055555555555,0.38360183852410046,0.19907407407407407,0.09779768839603128,0.016776068580078914,6.0,0.020833333333333332,0.034482758620689655,0.16666666666666666
5,22,0train,1test,0.0,clean,288,0,288,1,left_hand,0.0,0.3923611111111111,0.3923611111111111,0.35402501501156214,0.18981481481481477,,,,,,
5,22,0train,1test,0.0,poisoned,288,0,288,1,left_hand,0.3055555555555556,0.4375,0.4375,0.41277408259302284,0.25,,,,,,
5,22,0train,1test,0.0,sanitized,282,0,288,1,left_hand,0.032407407407407406,0.4305555555555556,0.4305555555555555,0.4251905136467822,0.2407407407407407,0.09772641149253523,0.016662658865130138,6.0,0.020833333333333332,0.034482758620689655,0.16666666666666666
5,33,0train,1test,0.0,clean,288,0,288,1,left_hand,0.0,0.3923611111111111,0.3923611111111111,0.35402501501156214,0.18981481481481477,,,,,,
5,33,0train,1test,0.0,poisoned,288,0,288,1,left_hand,0.18518518518518517,0.3993055555555556,0.3993055555555555,0.39356869518691695,0.19907407407407407,,,,,,
5,33,0train,1test,0.0,sanitized,281,0,288,1,left_hand,0.24537037037037038,0.3645833333333333,0.3645833333333333,0.35350254100254097,0.1527777777777778,0.09690750858060924,0.016506318856398965,7.0,0.024305555555555556,0.034482758620689655,0.14285714285714285
5,44,0train,1test,0.0,clean,288,0,288,1,left_hand,0.0,0.3923611111111111,0.3923611111111111,0.35402501501156214,0.18981481481481477,,,,,,
5,44,0train,1test,0.0,poisoned,288,0,288,1,left_hand,0.25925925925925924,0.3402777777777778,0.3402777777777778,0.30795756567647214,0.12037037037037035,,,,,,
5,44,0train,1test,0.0,sanitized,283,0,288,1,left_hand,0.24537037037037038,0.34375,0.34375,0.33677519294579183,0.125,0.09850877204238333,0.016858829089908024,5.0,0.017361111111111112,0.0,0.0
5,55,0train,1test,0.0,clean,288,0,288,1,left_hand,0.0,0.3923611111111111,0.3923611111111111,0.35402501501156214,0.18981481481481477,,,,,,
5,55,0train,1test,0.0,poisoned,288,0,288,1,left_hand,0.004629629629629629,0.3923611111111111,0.3923611111111111,0.35924162717563,0.18981481481481477,,,,,,
5,55,0train,1test,0.0,sanitized,279,0,288,1,left_hand,0.0,0.375,0.375,0.35745752898942174,0.16666666666666663,0.09646466361708986,0.016063473892879578,9.0,0.03125,0.13793103448275862,0.4444444444444444
5,11,0train,1test,0.1,clean,288,28,260,1,left_hand,0.0,0.39615384615384613,0.39615384615384613,0.38308619955765033,0.19487179487179485,,,,,,
5,11,0train,1test,0.1,poisoned,288,28,260,1,left_hand,0.40512820512820513,0.3769230769230769,0.37692307692307697,0.3732750564641613,0.16923076923076918,,,,,,
5,11,0train,1test,0.1,sanitized,282,28,260,1,left_hand,0.441025641025641,0.38461538461538464,0.38461538461538464,0.3840779651080424,0.17948717948717952,0.09779768839603128,0.016776068580078914,6.0,0.020833333333333332,0.034482758620689655,0.16666666666666666
5,22,0train,1test,0.1,clean,288,28,260,1,left_hand,0.0,0.3730769230769231,0.3730769230769231,0.340980290980291,0.16410256410256407,,,,,,
5,22,0train,1test,0.1,poisoned,288,28,260,1,left_hand,0.2358974358974359,0.3923076923076923,0.3923076923076923,0.38497250850578735,0.18974358974358974,,,,,,
5,22,0train,1test,0.1,sanitized,282,28,260,1,left_hand,0.05641025641025641,0.38846153846153847,0.38846153846153847,0.3875908437747914,0.18461538461538463,0.09772641149253523,0.016662658865130138,6.0,0.020833333333333332,0.034482758620689655,0.16666666666666666
5,33,0train,1test,0.1,clean,288,28,260,1,left_hand,0.0,0.4,0.4,0.37509852553461576,0.19999999999999996,,,,,,
5,33,0train,1test,0.1,poisoned,288,28,260,1,left_hand,0.05128205128205128,0.41923076923076924,0.4192307692307693,0.41318765750814435,0.22564102564102562,,,,,,
5,33,0train,1test,0.1,sanitized,281,28,260,1,left_hand,0.07692307692307693,0.4076923076923077,0.4076923076923077,0.39852628986478345,0.2102564102564103,0.09690750858060924,0.016506318856398965,7.0,0.024305555555555556,0.034482758620689655,0.14285714285714285
5,44,0train,1test,0.1,clean,288,28,260,1,left_hand,0.0,0.3384615384615385,0.3384615384615385,0.31961985874532617,0.11794871794871797,,,,,,
5,44,0train,1test,0.1,poisoned,288,28,260,1,left_hand,0.14871794871794872,0.3038461538461538,0.3038461538461538,0.29233925384180054,0.07179487179487176,,,,,,
5,44,0train,1test,0.1,sanitized,283,28,260,1,left_hand,0.4205128205128205,0.3038461538461538,0.3038461538461538,0.2898431994362227,0.07179487179487176,0.09850877204238333,0.016858829089908024,5.0,0.017361111111111112,0.0,0.0
5,55,0train,1test,0.1,clean,288,28,260,1,left_hand,0.0,0.40384615384615385,0.40384615384615385,0.36530340255282745,0.20512820512820518,,,,,,
5,55,0train,1test,0.1,poisoned,288,28,260,1,left_hand,0.02564102564102564,0.4115384615384615,0.4115384615384615,0.37744715579305255,0.2153846153846154,,,,,,
5,55,0train,1test,0.1,sanitized,279,28,260,1,left_hand,0.010256410256410256,0.4115384615384615,0.4115384615384615,0.41385566678374897,0.2153846153846154,0.09646466361708986,0.016063473892879578,9.0,0.03125,0.13793103448275862,0.4444444444444444
5,11,0train,1test,0.25,clean,288,72,216,1,left_hand,0.0,0.3888888888888889,0.38888888888888884,0.35253850654029995,0.18518518518518523,,,,,,
5,11,0train,1test,0.25,poisoned,288,72,216,1,left_hand,0.9506172839506173,0.3472222222222222,0.3472222222222222,0.31284183083283534,0.12962962962962965,,,,,,
5,11,0train,1test,0.25,sanitized,282,72,216,1,left_hand,0.9753086419753086,0.37037037037037035,0.37037037037037035,0.3451751768346596,0.16049382716049387,0.09779768839603128,0.016776068580078914,6.0,0.020833333333333332,0.034482758620689655,0.16666666666666666
5,22,0train,1test,0.25,clean,288,72,216,1,left_hand,0.06172839506172839,0.4398148148148148,0.4398148148148148,0.4361024051754159,0.25308641975308643,,,,,,
5,22,0train,1test,0.25,poisoned,288,72,216,1,left_hand,0.9506172839506173,0.35648148148148145,0.35648148148148145,0.3178882503121862,0.14197530864197527,,,,,,
5,22,0train,1test,0.25,sanitized,282,72,216,1,left_hand,0.9814814814814815,0.4166666666666667,0.41666666666666663,0.4029572434851803,0.2222222222222222,0.09772641149253523,0.016662658865130138,6.0,0.020833333333333332,0.034482758620689655,0.16666666666666666
5,33,0train,1test,0.25,clean,288,72,216,1,left_hand,0.0,0.3611111111111111,0.3611111111111111,0.3425795182236385,0.14814814814814814,,,,,,
5,33,0train,1test,0.25,poisoned,288,72,216,1,left_hand,0.9012345679012346,0.3888888888888889,0.38888888888888884,0.3705028735632184,0.18518518518518523,,,,,,
5,33,0train,1test,0.25,sanitized,281,72,216,1,left_hand,0.8827160493827161,0.3425925925925926,0.3425925925925926,0.31941609860557624,0.12345679012345678,0.09690750858060924,0.016506318856398965,7.0,0.024305555555555556,0.034482758620689655,0.14285714285714285
5,44,0train,1test,0.25,clean,288,72,216,1,left_hand,0.0,0.38425925925925924,0.38425925925925924,0.37659746118881987,0.17901234567901236,,,,,,
5,44,0train,1test,0.25,poisoned,288,72,216,1,left_hand,0.8703703703703703,0.3472222222222222,0.3472222222222222,0.2996375749636009,0.12962962962962965,,,,,,
5,44,0train,1test,0.25,sanitized,283,72,216,1,left_hand,0.9444444444444444,0.3333333333333333,0.33333333333333326,0.2953843205510883,0.11111111111111116,0.09850877204238333,0.016858829089908024,5.0,0.017361111111111112,0.0,0.0
5,55,0train,1test,0.25,clean,288,72,216,1,left_hand,0.0,0.375,0.375,0.34759454816581403,0.16666666666666663,,,,,,
5,55,0train,1test,0.25,poisoned,288,72,216,1,left_hand,0.9691358024691358,0.375,0.375,0.3395871874132744,0.16666666666666663,,,,,,
5,55,0train,1test,0.25,sanitized,279,72,216,1,left_hand,0.9382716049382716,0.37962962962962965,0.37962962962962965,0.36324058663420555,0.1728395061728395,0.09646466361708986,0.016063473892879578,9.0,0.03125,0.13793103448275862,0.4444444444444444
5,11,0train,1test,0.5,clean,288,144,144,1,left_hand,0.0,0.4166666666666667,0.4166666666666667,0.3962453372469883,0.2222222222222222,,,,,,
5,11,0train,1test,0.5,poisoned,288,144,144,1,left_hand,0.9814814814814815,0.4236111111111111,0.42361111111111116,0.4186583394519749,0.2314814814814815,,,,,,
5,11,0train,1test,0.5,sanitized,282,144,144,1,left_hand,0.9444444444444444,0.4166666666666667,0.41666666666666663,0.4013668900395979,0.2222222222222222,0.09779768839603128,0.016776068580078914,6.0,0.020833333333333332,0.034482758620689655,0.16666666666666666
5,22,0train,1test,0.5,clean,288,144,144,1,left_hand,0.0,0.5069444444444444,0.5069444444444444,0.5038934491289684,0.34259259259259256,,,,,,
5,22,0train,1test,0.5,poisoned,288,144,144,1,left_hand,0.9166666666666666,0.5069444444444444,0.5069444444444444,0.49594747822931784,0.34259259259259256,,,,,,
5,22,0train,1test,0.5,sanitized,282,144,144,1,left_hand,0.9351851851851852,0.4652777777777778,0.4652777777777778,0.4470692621456568,0.2870370370370371,0.09772641149253523,0.016662658865130138,6.0,0.020833333333333332,0.034482758620689655,0.16666666666666666
5,33,0train,1test,0.5,clean,288,144,144,1,left_hand,0.0,0.4791666666666667,0.47916666666666663,0.45652239601360295,0.3055555555555556,,,,,,
5,33,0train,1test,0.5,poisoned,288,144,144,1,left_hand,0.9259259259259259,0.4513888888888889,0.45138888888888884,0.43881431582744945,0.2685185185185185,,,,,,
5,33,0train,1test,0.5,sanitized,281,144,144,1,left_hand,0.9351851851851852,0.4444444444444444,0.4444444444444444,0.4292682350718065,0.2592592592592593,0.09690750858060924,0.016506318856398965,7.0,0.024305555555555556,0.034482758620689655,0.14285714285714285
5,44,0train,1test,0.5,clean,288,144,144,1,left_hand,0.0,0.3819444444444444,0.3819444444444444,0.35562648347568854,0.17592592592592593,,,,,,
5,44,0train,1test,0.5,poisoned,288,144,144,1,left_hand,0.9722222222222222,0.4652777777777778,0.4652777777777778,0.44863417538679423,0.2870370370370371,,,,,,
5,44,0train,1test,0.5,sanitized,283,144,144,1,left_hand,0.9722222222222222,0.4166666666666667,0.41666666666666663,0.3923708268702414,0.2222222222222222,0.09850877204238333,0.016858829089908024,5.0,0.017361111111111112,0.0,0.0
5,55,0train,1test,0.5,clean,288,144,144,1,left_hand,0.0,0.3958333333333333,0.39583333333333337,0.3924631279135916,0.19444444444444442,,,,,,
5,55,0train,1test,0.5,poisoned,288,144,144,1,left_hand,0.9537037037037037,0.4027777777777778,0.4027777777777778,0.4004812425098442,0.20370370370370372,,,,,,
5,55,0train,1test,0.5,sanitized,279,144,144,1,left_hand,0.8888888888888888,0.4375,0.4375,0.4361684877989226,0.25,0.09646466361708986,0.016063473892879578,9.0,0.03125,0.13793103448275862,0.4444444444444444
6,11,0train,1test,0.0,clean,288,0,288,1,left_hand,0.0,0.4895833333333333,0.48958333333333326,0.4854556224229684,0.3194444444444444,,,,,,
6,11,0train,1test,0.0,poisoned,288,0,288,1,left_hand,0.3888888888888889,0.4548611111111111,0.45486111111111116,0.4452001840071566,0.27314814814814814,,,,,,
6,11,0train,1test,0.0,sanitized,288,0,288,1,left_hand,0.3888888888888889,0.4548611111111111,0.45486111111111116,0.4452001840071566,0.27314814814814814,0.2137059205074966,0.03908738303092592,0.0,0.0,0.0,0.0
6,22,0train,1test,0.0,clean,288,0,288,1,left_hand,0.0,0.4895833333333333,0.48958333333333326,0.4854556224229684,0.3194444444444444,,,,,,
6,22,0train,1test,0.0,poisoned,288,0,288,1,left_hand,0.3888888888888889,0.4270833333333333,0.42708333333333337,0.42170009372752293,0.23611111111111116,,,,,,
6,22,0train,1test,0.0,sanitized,288,0,288,1,left_hand,0.3888888888888889,0.4270833333333333,0.42708333333333337,0.42170009372752293,0.23611111111111116,0.21353185723568496,0.03936695648383412,0.0,0.0,0.0,0.0
6,33,0train,1test,0.0,clean,288,0,288,1,left_hand,0.0,0.4895833333333333,0.48958333333333326,0.4854556224229684,0.3194444444444444,,,,,,
6,33,0train,1test,0.0,poisoned,288,0,288,1,left_hand,0.49074074074074076,0.4270833333333333,0.4270833333333333,0.419589120910216,0.23611111111111116,,,,,,
6,33,0train,1test,0.0,sanitized,287,0,288,1,left_hand,0.4861111111111111,0.4131944444444444,0.4131944444444445,0.4058985600383052,0.21759259259259256,0.2126189076796136,0.03755548155199283,1.0,0.003472222222222222,0.0,0.0
6,44,0train,1test,0.0,clean,288,0,288,1,left_hand,0.0,0.4895833333333333,0.48958333333333326,0.4854556224229684,0.3194444444444444,,,,,,
6,44,0train,1test,0.0,poisoned,288,0,288,1,left_hand,0.4583333333333333,0.4305555555555556,0.4305555555555556,0.4266596376132459,0.2407407407407407,,,,,,
6,44,0train,1test,0.0,sanitized,287,0,288,1,left_hand,0.4675925925925926,0.4270833333333333,0.42708333333333337,0.42243418828800483,0.23611111111111116,0.21151438422104735,0.03722029287127976,1.0,0.003472222222222222,0.0,0.0
6,55,0train,1test,0.0,clean,288,0,288,1,left_hand,0.0,0.4895833333333333,0.48958333333333326,0.4854556224229684,0.3194444444444444,,,,,,
6,55,0train,1test,0.0,poisoned,288,0,288,1,left_hand,0.5138888888888888,0.4826388888888889,0.48263888888888884,0.4817811349755289,0.31018518518518523,,,,,,
6,55,0train,1test,0.0,sanitized,288,0,288,1,left_hand,0.5138888888888888,0.4826388888888889,0.48263888888888884,0.4817811349755289,0.31018518518518523,0.2128959336059216,0.03873103285407076,0.0,0.0,0.0,0.0
6,11,0train,1test,0.1,clean,288,28,260,1,left_hand,0.0,0.5230769230769231,0.5230769230769231,0.5188575839636,0.36410256410256414,,,,,,
6,11,0train,1test,0.1,poisoned,288,28,260,1,left_hand,0.26153846153846155,0.46153846153846156,0.46153846153846156,0.45317914813849414,0.28205128205128205,,,,,,
6,11,0train,1test,0.1,sanitized,288,28,260,1,left_hand,0.26153846153846155,0.46153846153846156,0.46153846153846156,0.45317914813849414,0.28205128205128205,0.2137059205074966,0.03908738303092592,0.0,0.0,0.0,0.0
6,22,0train,1test,0.1,clean,288,28,260,1,left_hand,0.041025641025641026,0.5,0.5,0.49547220381654666,0.33333333333333337,,,,,,
6,22,0train,1test,0.1,poisoned,288,28,260,1,left_hand,0.48717948717948717,0.4846153846153846,0.4846153846153846,0.4837831529008,0.3128205128205128,,,,,,
6,22,0train,1test,0.1,sanitized,288,28,260,1,left_hand,0.48717948717948717,0.4846153846153846,0.4846153846153846,0.4837831529008,0.3128205128205128,0.21353185723568496,0.03936695648383412,0.0,0.0,0.0,0.0
6,33,0train,1test,0.1,clean,288,28,260,1,left_hand,0.0,0.5038461538461538,0.5038461538461538,0.5014546825249004,0.3384615384615385,,,,,,
6,33,0train,1test,0.1,poisoned,288,28,260,1,left_hand,0.38461538461538464,0.4423076923076923,0.4423076923076923,0.43623180604371825,0.2564102564102564,,,,,,
6,33,0train,1test,0.1,sanitized,287,28,260,1,left_hand,0.37435897435897436,0.4423076923076923,0.4423076923076923,0.43499393889302146,0.2564102564102564,0.2126189076796136,0.03755548155199283,1.0,0.003472222222222222,0.0,0.0
6,44,0train,1test,0.1,clean,288,28,260,1,left_hand,0.0,0.47307692307692306,0.4730769230769231,0.4716787370922282,0.2974358974358975,,,,,,
6,44,0train,1test,0.1,poisoned,288,28,260,1,left_hand,0.37435897435897436,0.4230769230769231,0.42307692307692313,0.42025143595087844,0.23076923076923073,,,,,,
6,44,0train,1test,0.1,sanitized,287,28,260,1,left_hand,0.39487179487179486,0.4153846153846154,0.4153846153846154,0.4084682363091454,0.2205128205128205,0.21151438422104735,0.03722029287127976,1.0,0.003472222222222222,0.0,0.0
6,55,0train,1test,0.1,clean,288,28,260,1,left_hand,0.0,0.48846153846153845,0.4884615384615385,0.4846007050772411,0.31794871794871793,,,,,,
6,55,0train,1test,0.1,poisoned,288,28,260,1,left_hand,0.5128205128205128,0.5038461538461538,0.5038461538461538,0.49911214432759476,0.3384615384615385,,,,,,
6,55,0train,1test,0.1,sanitized,288,28,260,1,left_hand,0.5128205128205128,0.5038461538461538,0.5038461538461538,0.49911214432759476,0.3384615384615385,0.2128959336059216,0.03873103285407076,0.0,0.0,0.0,0.0
6,11,0train,1test,0.25,clean,288,72,216,1,left_hand,0.0,0.5277777777777778,0.5277777777777778,0.5264231519252192,0.37037037037037035,,,,,,
6,11,0train,1test,0.25,poisoned,288,72,216,1,left_hand,1.0,0.39814814814814814,0.39814814814814814,0.3740384019092687,0.19753086419753085,,,,,,
6,11,0train,1test,0.25,sanitized,288,72,216,1,left_hand,1.0,0.39814814814814814,0.39814814814814814,0.3740384019092687,0.19753086419753085,0.2137059205074966,0.03908738303092592,0.0,0.0,0.0,0.0
6,22,0train,1test,0.25,clean,288,72,216,1,left_hand,0.006172839506172839,0.4861111111111111,0.48611111111111116,0.4880387239142937,0.31481481481481477,,,,,,
6,22,0train,1test,0.25,poisoned,288,72,216,1,left_hand,0.9938271604938271,0.36574074074074076,0.3657407407407407,0.35154390789605905,0.154320987654321,,,,,,
6,22,0train,1test,0.25,sanitized,288,72,216,1,left_hand,0.9938271604938271,0.36574074074074076,0.3657407407407407,0.35154390789605905,0.154320987654321,0.21353185723568496,0.03936695648383412,0.0,0.0,0.0,0.0
6,33,0train,1test,0.25,clean,288,72,216,1,left_hand,0.0,0.48148148148148145,0.4814814814814815,0.4794171647329974,0.308641975308642,,,,,,
6,33,0train,1test,0.25,poisoned,288,72,216,1,left_hand,1.0,0.41203703703703703,0.41203703703703703,0.3889552307673688,0.21604938271604934,,,,,,
6,33,0train,1test,0.25,sanitized,287,72,216,1,left_hand,1.0,0.39814814814814814,0.39814814814814814,0.37319003857607697,0.19753086419753085,0.2126189076796136,0.03755548155199283,1.0,0.003472222222222222,0.0,0.0
6,44,0train,1test,0.25,clean,288,72,216,1,left_hand,0.0,0.49537037037037035,0.49537037037037035,0.4944551692725834,0.3271604938271605,,,,,,
6,44,0train,1test,0.25,poisoned,288,72,216,1,left_hand,1.0,0.35648148148148145,0.3564814814814815,0.3360140552086305,0.14197530864197527,,,,,,
6,44,0train,1test,0.25,sanitized,287,72,216,1,left_hand,1.0,0.38425925925925924,0.38425925925925924,0.3744910994910995,0.17901234567901236,0.21151438422104735,0.03722029287127976,1.0,0.003472222222222222,0.0,0.0
6,55,0train,1test,0.25,clean,288,72,216,1,left_hand,0.0,0.5,0.5,0.4968836226079217,0.33333333333333337,,,,,,
6,55,0train,1test,0.25,poisoned,288,72,216,1,left_hand,1.0,0.44907407407407407,0.44907407407407407,0.425383519638278,0.26543209876543206,,,,,,
6,55,0train,1test,0.25,sanitized,288,72,216,1,left_hand,1.0,0.44907407407407407,0.44907407407407407,0.425383519638278,0.26543209876543206,0.2128959336059216,0.03873103285407076,0.0,0.0,0.0,0.0
6,11,0train,1test,0.5,clean,288,144,144,1,left_hand,0.0,0.5347222222222222,0.5347222222222223,0.5350832470624192,0.37962962962962965,,,,,,
6,11,0train,1test,0.5,poisoned,288,144,144,1,left_hand,0.9907407407407407,0.4652777777777778,0.4652777777777778,0.43747262954456634,0.2870370370370371,,,,,,
6,11,0train,1test,0.5,sanitized,288,144,144,1,left_hand,0.9907407407407407,0.4652777777777778,0.4652777777777778,0.43747262954456634,0.2870370370370371,0.2137059205074966,0.03908738303092592,0.0,0.0,0.0,0.0
6,22,0train,1test,0.5,clean,288,144,144,1,left_hand,0.0,0.5277777777777778,0.5277777777777778,0.5301740165589931,0.37037037037037035,,,,,,
6,22,0train,1test,0.5,poisoned,288,144,144,1,left_hand,1.0,0.4652777777777778,0.4652777777777778,0.4560285012017685,0.2870370370370371,,,,,,
6,22,0train,1test,0.5,sanitized,288,144,144,1,left_hand,1.0,0.4652777777777778,0.4652777777777778,0.4560285012017685,0.2870370370370371,0.21353185723568496,0.03936695648383412,0.0,0.0,0.0,0.0
6,33,0train,1test,0.5,clean,288,144,144,1,left_hand,0.0,0.5208333333333334,0.5208333333333333,0.5187417868996816,0.36111111111111116,,,,,,
6,33,0train,1test,0.5,poisoned,288,144,144,1,left_hand,1.0,0.4444444444444444,0.4444444444444445,0.42654148024284055,0.2592592592592593,,,,,,
6,33,0train,1test,0.5,sanitized,287,144,144,1,left_hand,1.0,0.4513888888888889,0.4513888888888889,0.4339885178481597,0.2685185185185185,0.2126189076796136,0.03755548155199283,1.0,0.003472222222222222,0.0,0.0
6,44,0train,1test,0.5,clean,288,144,144,1,left_hand,0.0,0.4583333333333333,0.4583333333333333,0.4565696649029982,0.2777777777777778,,,,,,
6,44,0train,1test,0.5,poisoned,288,144,144,1,left_hand,1.0,0.4097222222222222,0.4097222222222222,0.40740232638046725,0.2129629629629629,,,,,,
6,44,0train,1test,0.5,sanitized,287,144,144,1,left_hand,1.0,0.4166666666666667,0.4166666666666667,0.4175244209726968,0.2222222222222222,0.21151438422104735,0.03722029287127976,1.0,0.003472222222222222,0.0,0.0
6,55,0train,1test,0.5,clean,288,144,144,1,left_hand,0.0,0.5416666666666666,0.5416666666666667,0.5411879820421319,0.38888888888888884,,,,,,
6,55,0train,1test,0.5,poisoned,288,144,144,1,left_hand,1.0,0.4513888888888889,0.4513888888888889,0.43422439723534456,0.2685185185185185,,,,,,
6,55,0train,1test,0.5,sanitized,288,144,144,1,left_hand,1.0,0.4513888888888889,0.4513888888888889,0.43422439723534456,0.2685185185185185,0.2128959336059216,0.03873103285407076,0.0,0.0,0.0,0.0
7,11,0train,1test,0.0,clean,288,0,288,1,left_hand,0.0,0.6979166666666666,0.6979166666666666,0.6794372844320165,0.5972222222222222,,,,,,
7,11,0train,1test,0.0,poisoned,288,0,288,1,left_hand,0.027777777777777776,0.6805555555555556,0.6805555555555556,0.6791053571510332,0.5740740740740741,,,,,,
7,11,0train,1test,0.0,sanitized,278,0,288,1,left_hand,0.032407407407407406,0.65625,0.65625,0.6539745694918108,0.5416666666666667,0.11148176885724394,0.01664882657595087,10.0,0.034722222222222224,0.034482758620689655,0.1
7,22,0train,1test,0.0,clean,288,0,288,1,left_hand,0.0,0.6979166666666666,0.6979166666666666,0.6794372844320165,0.5972222222222222,,,,,,
7,22,0train,1test,0.0,poisoned,288,0,288,1,left_hand,0.004629629629629629,0.7013888888888888,0.701388888888889,0.7024714812081784,0.6018518518518519,,,,,,
7,22,0train,1test,0.0,sanitized,279,0,288,1,left_hand,0.004629629629629629,0.7083333333333334,0.7083333333333334,0.7098774795657982,0.6111111111111112,0.11327571273267045,0.018019927830774572,9.0,0.03125,0.06896551724137931,0.2222222222222222
7,33,0train,1test,0.0,clean,288,0,288,1,left_hand,0.0,0.6979166666666666,0.6979166666666666,0.6794372844320165,0.5972222222222222,,,,,,
7,33,0train,1test,0.0,poisoned,288,0,288,1,left_hand,0.027777777777777776,0.6736111111111112,0.673611111111111,0.6730273674081655,0.5648148148148149,,,,,,
7,33,0train,1test,0.0,sanitized,276,0,288,1,left_hand,0.013888888888888888,0.6701388888888888,0.6701388888888888,0.6682651817501104,0.5601851851851851,0.11148176885724394,0.015997220767541703,12.0,0.041666666666666664,0.0,0.0
7,44,0train,1test,0.0,clean,288,0,288,1,left_hand,0.0,0.6979166666666666,0.6979166666666666,0.6794372844320165,0.5972222222222222,,,,,,
7,44,0train,1test,0.0,poisoned,288,0,288,1,left_hand,0.004629629629629629,0.7048611111111112,0.7048611111111112,0.7025319836899409,0.6064814814814814,,,,,,
7,44,0train,1test,0.0,sanitized,278,0,288,1,left_hand,0.004629629629629629,0.6979166666666666,0.6979166666666667,0.6945074475645128,0.5972222222222222,0.1116425687195636,0.017055918942787525,10.0,0.034722222222222224,0.0,0.0
7,55,0train,1test,0.0,clean,288,0,288,1,left_hand,0.0,0.6979166666666666,0.6979166666666666,0.6794372844320165,0.5972222222222222,,,,,,
7,55,0train,1test,0.0,poisoned,288,0,288,1,left_hand,0.023148148148148147,0.6909722222222222,0.6909722222222222,0.6889420499800853,0.587962962962963,,,,,,
7,55,0train,1test,0.0,sanitized,278,0,288,1,left_hand,0.032407407407407406,0.6909722222222222,0.6909722222222222,0.6892789247109101,0.587962962962963,0.11104074671016244,0.016358088093825704,10.0,0.034722222222222224,0.034482758620689655,0.1
7,11,0train,1test,0.1,clean,288,28,260,1,left_hand,0.0,0.7692307692307693,0.7692307692307693,0.7619824177440515,0.6923076923076923,,,,,,
7,11,0train,1test,0.1,poisoned,288,28,260,1,left_hand,0.05128205128205128,0.7346153846153847,0.7346153846153847,0.7338602853256808,0.6461538461538461,,,,,,
7,11,0train,1test,0.1,sanitized,278,28,260,1,left_hand,0.005128205128205128,0.7153846153846154,0.7153846153846155,0.7127560837990139,0.6205128205128205,0.11148176885724394,0.01664882657595087,10.0,0.034722222222222224,0.034482758620689655,0.1
7,22,0train,1test,0.1,clean,288,28,260,1,left_hand,0.0,0.7384615384615385,0.7384615384615385,0.7297382902668985,0.6512820512820513,,,,,,
7,22,0train,1test,0.1,poisoned,288,28,260,1,left_hand,0.005128205128205128,0.7230769230769231,0.7230769230769232,0.7237604082871166,0.6307692307692307,,,,,,
7,22,0train,1test,0.1,sanitized,279,28,260,1,left_hand,0.035897435897435895,0.7538461538461538,0.7538461538461538,0.7549054508098325,0.6717948717948719,0.11327571273267045,0.018019927830774572,9.0,0.03125,0.06896551724137931,0.2222222222222222
7,33,0train,1test,0.1,clean,288,28,260,1,left_hand,0.0,0.7769230769230769,0.776923076923077,0.7720716178005242,0.7025641025641025,,,,,,
7,33,0train,1test,0.1,poisoned,288,28,260,1,left_hand,0.07179487179487179,0.7269230769230769,0.726923076923077,0.7247800542799268,0.6358974358974359,,,,,,
7,33,0train,1test,0.1,sanitized,276,28,260,1,left_hand,0.020512820512820513,0.7269230769230769,0.7269230769230769,0.7246713201409596,0.6358974358974359,0.11148176885724394,0.015997220767541703,12.0,0.041666666666666664,0.0,0.0
7,44,0train,1test,0.1,clean,288,28,260,1,left_hand,0.0,0.7730769230769231,0.773076923076923,0.7693528322858616,0.6974358974358974,,,,,,
7,44,0train,1test,0.1,poisoned,288,28,260,1,left_hand,0.005128205128205128,0.7423076923076923,0.7423076923076923,0.7395247796261214,0.6564102564102564,,,,,,
7,44,0train,1test,0.1,sanitized,278,28,260,1,left_hand,0.010256410256410256,0.7423076923076923,0.7423076923076922,0.7398447818701489,0.6564102564102564,0.1116425687195636,0.017055918942787525,10.0,0.034722222222222224,0.0,0.0
7,55,0train,1test,0.1,clean,288,28,260,1,left_hand,0.0,0.7461538461538462,0.7461538461538462,0.7372594315087354,0.6615384615384615,,,,,,
7,55,0train,1test,0.1,poisoned,288,28,260,1,left_hand,0.03076923076923077,0.7423076923076923,0.7423076923076923,0.7404072814965136,0.6564102564102564,,,,,,
7,55,0train,1test,0.1,sanitized,278,28,260,1,left_hand,0.03076923076923077,0.7269230769230769,0.726923076923077,0.7222085376067461,0.6358974358974359,0.11104074671016244,0.016358088093825704,10.0,0.034722222222222224,0.034482758620689655,0.1
7,11,0train,1test,0.25,clean,288,72,216,1,left_hand,0.0,0.7962962962962963,0.7962962962962963,0.7937375080403797,0.7283950617283951,,,,,,
7,11,0train,1test,0.25,poisoned,288,72,216,1,left_hand,0.9259259259259259,0.7685185185185185,0.7685185185185185,0.7673292536420081,0.691358024691358,,,,,,
7,11,0train,1test,0.25,sanitized,278,72,216,1,left_hand,0.9197530864197531,0.7731481481481481,0.7731481481481481,0.7722113099768488,0.6975308641975309,0.11148176885724394,0.01664882657595087,10.0,0.034722222222222224,0.034482758620689655,0.1
7,22,0train,1test,0.25,clean,288,72,216,1,left_hand,0.0,0.7777777777777778,0.7777777777777778,0.7760189589976825,0.7037037037037037,,,,,,
7,22,0train,1test,0.25,poisoned,288,72,216,1,left_hand,0.9197530864197531,0.7638888888888888,0.763888888888889,0.762327608639084,0.6851851851851851,,,,,,
7,22,0train,1test,0.25,sanitized,279,72,216,1,left_hand,0.9320987654320988,0.7777777777777778,0.7777777777777777,0.7732762121793281,0.7037037037037037,0.11327571273267045,0.018019927830774572,9.0,0.03125,0.06896551724137931,0.2222222222222222
7,33,0train,1test,0.25,clean,288,72,216,1,left_hand,0.0,0.7824074074074074,0.7824074074074074,0.7773665771293855,0.7098765432098766,,,,,,
7,33,0train,1test,0.25,poisoned,288,72,216,1,left_hand,0.9876543209876543,0.7268518518518519,0.7268518518518519,0.7225106812877408,0.6358024691358024,,,,,,
7,33,0train,1test,0.25,sanitized,276,72,216,1,left_hand,0.9876543209876543,0.7222222222222222,0.7222222222222222,0.7192404195298125,0.6296296296296297,0.11148176885724394,0.015997220767541703,12.0,0.041666666666666664,0.0,0.0
7,44,0train,1test,0.25,clean,288,72,216,1,left_hand,0.0,0.7824074074074074,0.7824074074074074,0.7806884106602239,0.7098765432098766,,,,,,
7,44,0train,1test,0.25,poisoned,288,72,216,1,left_hand,0.9567901234567902,0.7361111111111112,0.736111111111111,0.7340381747118349,0.6481481481481481,,,,,,
7,44,0train,1test,0.25,sanitized,278,72,216,1,left_hand,0.9444444444444444,0.7592592592592593,0.7592592592592593,0.7597169559991575,0.6790123456790124,0.1116425687195636,0.017055918942787525,10.0,0.034722222222222224,0.0,0.0
7,55,0train,1test,0.25,clean,288,72,216,1,left_hand,0.0,0.7962962962962963,0.7962962962962963,0.7941641424185866,0.7283950617283951,,,,,,
7,55,0train,1test,0.25,poisoned,288,72,216,1,left_hand,0.9876543209876543,0.7546296296296297,0.7546296296296297,0.7544631611016132,0.6728395061728395,,,,,,
7,55,0train,1test,0.25,sanitized,278,72,216,1,left_hand,0.9876543209876543,0.7685185185185185,0.7685185185185185,0.768566531874873,0.691358024691358,0.11104074671016244,0.016358088093825704,10.0,0.034722222222222224,0.034482758620689655,0.1
7,11,0train,1test,0.5,clean,288,144,144,1,left_hand,0.0,0.8263888888888888,0.8263888888888888,0.8261530000900927,0.7685185185185185,,,,,,
7,11,0train,1test,0.5,poisoned,288,144,144,1,left_hand,0.8796296296296297,0.7847222222222222,0.7847222222222222,0.7843493597116786,0.712962962962963,,,,,,
7,11,0train,1test,0.5,sanitized,278,144,144,1,left_hand,0.8888888888888888,0.7708333333333334,0.7708333333333334,0.7712816727865928,0.6944444444444444,0.11148176885724394,0.01664882657595087,10.0,0.034722222222222224,0.034482758620689655,0.1
7,22,0train,1test,0.5,clean,288,144,144,1,left_hand,0.0,0.7986111111111112,0.7986111111111112,0.7993857187532384,0.7314814814814814,,,,,,
7,22,0train,1test,0.5,poisoned,288,144,144,1,left_hand,0.8148148148148148,0.7569444444444444,0.7569444444444444,0.7547023075584134,0.6759259259259259,,,,,,
7,22,0train,1test,0.5,sanitized,279,144,144,1,left_hand,0.7870370370370371,0.7847222222222222,0.7847222222222222,0.7823259058015155,0.712962962962963,0.11327571273267045,0.018019927830774572,9.0,0.03125,0.06896551724137931,0.2222222222222222
7,33,0train,1test,0.5,clean,288,144,144,1,left_hand,0.0,0.8194444444444444,0.8194444444444444,0.8170110623784426,0.7592592592592593,,,,,,
7,33,0train,1test,0.5,poisoned,288,144,144,1,left_hand,0.9722222222222222,0.7916666666666666,0.7916666666666666,0.7925140201259604,0.7222222222222222,,,,,,
7,33,0train,1test,0.5,sanitized,276,144,144,1,left_hand,0.9629629629629629,0.7847222222222222,0.7847222222222222,0.7856727711585959,0.712962962962963,0.11148176885724394,0.015997220767541703,12.0,0.041666666666666664,0.0,0.0
7,44,0train,1test,0.5,clean,288,144,144,1,left_hand,0.0,0.8611111111111112,0.861111111111111,0.861281692164045,0.8148148148148149,,,,,,
7,44,0train,1test,0.5,poisoned,288,144,144,1,left_hand,0.9259259259259259,0.8125,0.8125,0.812451396253093,0.75,,,,,,
7,44,0train,1test,0.5,sanitized,278,144,144,1,left_hand,0.9166666666666666,0.8125,0.8125,0.8123188007873556,0.75,0.1116425687195636,0.017055918942787525,10.0,0.034722222222222224,0.0,0.0
7,55,0train,1test,0.5,clean,288,144,144,1,left_hand,0.0,0.8125,0.8125,0.8117714532217941,0.75,,,,,,
7,55,0train,1test,0.5,poisoned,288,144,144,1,left_hand,0.9351851851851852,0.8055555555555556,0.8055555555555555,0.8056994487292634,0.7407407407407407,,,,,,
7,55,0train,1test,0.5,sanitized,278,144,144,1,left_hand,0.9166666666666666,0.8263888888888888,0.826388888888889,0.8252801766433246,0.7685185185185185,0.11104074671016244,0.016358088093825704,10.0,0.034722222222222224,0.034482758620689655,0.1
8,11,0train,1test,0.0,clean,288,0,288,1,left_hand,0.0,0.7638888888888888,0.7638888888888888,0.7611596342846343,0.6851851851851851,,,,,,
8,11,0train,1test,0.0,poisoned,288,0,288,1,left_hand,0.009259259259259259,0.71875,0.71875,0.708210137064107,0.625,,,,,,
8,11,0train,1test,0.0,sanitized,287,0,288,1,left_hand,0.004629629629629629,0.7152777777777778,0.7152777777777779,0.7042950605068603,0.6203703703703703,0.16356297690768,0.03536920222399331,1.0,0.003472222222222222,0.0,0.0
8,22,0train,1test,0.0,clean,288,0,288,1,left_hand,0.0,0.7638888888888888,0.7638888888888888,0.7611596342846343,0.6851851851851851,,,,,,
8,22,0train,1test,0.0,poisoned,288,0,288,1,left_hand,0.032407407407407406,0.6909722222222222,0.6909722222222222,0.6829341317807962,0.587962962962963,,,,,,
8,22,0train,1test,0.0,sanitized,287,0,288,1,left_hand,0.10185185185185185,0.7048611111111112,0.704861111111111,0.6977730342806168,0.6064814814814814,0.16248544828934683,0.03445399663171585,1.0,0.003472222222222222,0.0,0.0
8,33,0train,1test,0.0,clean,288,0,288,1,left_hand,0.0,0.7638888888888888,0.7638888888888888,0.7611596342846343,0.6851851851851851,,,,,,
8,33,0train,1test,0.0,poisoned,288,0,288,1,left_hand,0.06018518518518518,0.7291666666666666,0.7291666666666667,0.7189359559489084,0.6388888888888888,,,,,,
8,33,0train,1test,0.0,sanitized,287,0,288,1,left_hand,0.06018518518518518,0.7152777777777778,0.7152777777777777,0.7031102887331311,0.6203703703703703,0.16248544828934683,0.03359240165056704,1.0,0.003472222222222222,0.0,0.0
8,44,0train,1test,0.0,clean,288,0,288,1,left_hand,0.0,0.7638888888888888,0.7638888888888888,0.7611596342846343,0.6851851851851851,,,,,,
8,44,0train,1test,0.0,poisoned,288,0,288,1,left_hand,0.13425925925925927,0.6875,0.6875,0.6745122046095497,0.5833333333333333,,,,,,
8,44,0train,1test,0.0,sanitized,287,0,288,1,left_hand,0.1388888888888889,0.6805555555555556,0.6805555555555556,0.6681887180602567,0.5740740740740741,0.16356297690768,0.03489674221153577,1.0,0.003472222222222222,0.0,0.0
8,55,0train,1test,0.0,clean,288,0,288,1,left_hand,0.0,0.7638888888888888,0.7638888888888888,0.7611596342846343,0.6851851851851851,,,,,,
8,55,0train,1test,0.0,poisoned,288,0,288,1,left_hand,0.046296296296296294,0.7291666666666666,0.7291666666666666,0.715976421663074,0.6388888888888888,,,,,,
8,55,0train,1test,0.0,sanitized,287,0,288,1,left_hand,0.046296296296296294,0.7256944444444444,0.7256944444444444,0.7122710202403406,0.6342592592592593,0.16356297690768,0.03498330904703967,1.0,0.003472222222222222,0.0,0.0
8,11,0train,1test,0.1,clean,288,28,260,1,left_hand,0.0,0.7730769230769231,0.773076923076923,0.7728104828325727,0.6974358974358974,,,,,,
8,11,0train,1test,0.1,poisoned,288,28,260,1,left_hand,0.010256410256410256,0.7115384615384616,0.7115384615384616,0.7099503026088914,0.6153846153846154,,,,,,
8,11,0train,1test,0.1,sanitized,287,28,260,1,left_hand,0.015384615384615385,0.6884615384615385,0.6884615384615385,0.6845702749345395,0.5846153846153845,0.16356297690768,0.03536920222399331,1.0,0.003472222222222222,0.0,0.0
8,22,0train,1test,0.1,clean,288,28,260,1,left_hand,0.0,0.7653846153846153,0.7653846153846153,0.7638828765178343,0.6871794871794872,,,,,,
8,22,0train,1test,0.1,poisoned,288,28,260,1,left_hand,0.035897435897435895,0.7423076923076923,0.7423076923076923,0.7358869239663942,0.6564102564102564,,,,,,
8,22,0train,1test,0.1,sanitized,287,28,260,1,left_hand,0.035897435897435895,0.7346153846153847,0.7346153846153847,0.7296594823004909,0.6461538461538461,0.16248544828934683,0.03445399663171585,1.0,0.003472222222222222,0.0,0.0
8,33,0train,1test,0.1,clean,288,28,260,1,left_hand,0.0,0.75,0.7500000000000001,0.7464431763943513,0.6666666666666667,,,,,,
8,33,0train,1test,0.1,poisoned,288,28,260,1,left_hand,0.09743589743589744,0.7230769230769231,0.7230769230769231,0.7122504263210806,0.6307692307692307,,,,,,
8,33,0train,1test,0.1,sanitized,287,28,260,1,left_hand,0.09743589743589744,0.7192307692307692,0.7192307692307692,0.7088063887667301,0.6256410256410256,0.16248544828934683,0.03359240165056704,1.0,0.003472222222222222,0.0,0.0
8,44,0train,1test,0.1,clean,288,28,260,1,left_hand,0.0,0.8,0.8,0.7997048683024293,0.7333333333333334,,,,,,
8,44,0train,1test,0.1,poisoned,288,28,260,1,left_hand,0.14871794871794872,0.7346153846153847,0.7346153846153847,0.730181991273512,0.6461538461538461,,,,,,
8,44,0train,1test,0.1,sanitized,287,28,260,1,left_hand,0.13846153846153847,0.7307692307692307,0.7307692307692308,0.7264843165658343,0.641025641025641,0.16356297690768,0.03489674221153577,1.0,0.003472222222222222,0.0,0.0
8,55,0train,1test,0.1,clean,288,28,260,1,left_hand,0.0,0.7807692307692308,0.7807692307692308,0.7795558573464696,0.7076923076923076,,,,,,
8,55,0train,1test,0.1,poisoned,288,28,260,1,left_hand,0.06666666666666667,0.7307692307692307,0.7307692307692307,0.7243228875758199,0.641025641025641,,,,,,
8,55,0train,1test,0.1,sanitized,287,28,260,1,left_hand,0.06666666666666667,0.7269230769230769,0.7269230769230769,0.7198578661626246,0.6358974358974359,0.16356297690768,0.03498330904703967,1.0,0.003472222222222222,0.0,0.0
8,11,0train,1test,0.25,clean,288,72,216,1,left_hand,0.0,0.8240740740740741,0.8240740740740742,0.8217002587300666,0.7654320987654322,,,,,,
8,11,0train,1test,0.25,poisoned,288,72,216,1,left_hand,0.043209876543209874,0.7592592592592593,0.7592592592592593,0.754128683670475,0.6790123456790124,,,,,,
8,11,0train,1test,0.25,sanitized,287,72,216,1,left_hand,0.06790123456790123,0.7453703703703703,0.7453703703703702,0.742928622090631,0.6604938271604939,0.16356297690768,0.03536920222399331,1.0,0.003472222222222222,0.0,0.0
8,22,0train,1test,0.25,clean,288,72,216,1,left_hand,0.0,0.8055555555555556,0.8055555555555555,0.8047972311663996,0.7407407407407407,,,,,,
8,22,0train,1test,0.25,poisoned,288,72,216,1,left_hand,0.006172839506172839,0.7916666666666666,0.7916666666666666,0.7877098420013167,0.7222222222222222,,,,,,
8,22,0train,1test,0.25,sanitized,287,72,216,1,left_hand,0.006172839506172839,0.7731481481481481,0.7731481481481481,0.7694505757620512,0.6975308641975309,0.16248544828934683,0.03445399663171585,1.0,0.003472222222222222,0.0,0.0
8,33,0train,1test,0.25,clean,288,72,216,1,left_hand,0.0,0.7777777777777778,0.7777777777777778,0.77614586140359,0.7037037037037037,,,,,,
8,33,0train,1test,0.25,poisoned,288,72,216,1,left_hand,0.06790123456790123,0.7546296296296297,0.7546296296296297,0.7494594332298137,0.6728395061728395,,,,,,
8,33,0train,1test,0.25,sanitized,287,72,216,1,left_hand,0.06790123456790123,0.7314814814814815,0.7314814814814814,0.7251679094133594,0.6419753086419753,0.16248544828934683,0.03359240165056704,1.0,0.003472222222222222,0.0,0.0
8,44,0train,1test,0.25,clean,288,72,216,1,left_hand,0.0,0.8055555555555556,0.8055555555555556,0.8046457899399075,0.7407407407407407,,,,,,
8,44,0train,1test,0.25,poisoned,288,72,216,1,left_hand,0.09876543209876543,0.7592592592592593,0.7592592592592593,0.756412039802498,0.6790123456790124,,,,,,
8,44,0train,1test,0.25,sanitized,287,72,216,1,left_hand,0.09876543209876543,0.7592592592592593,0.7592592592592592,0.7554436402102453,0.6790123456790124,0.16356297690768,0.03489674221153577,1.0,0.003472222222222222,0.0,0.0
8,55,0train,1test,0.25,clean,288,72,216,1,left_hand,0.0,0.8055555555555556,0.8055555555555556,0.8048578966857307,0.7407407407407407,,,,,,
8,55,0train,1test,0.25,poisoned,288,72,216,1,left_hand,0.037037037037037035,0.7685185185185185,0.7685185185185185,0.7635413254514198,0.691358024691358,,,,,,
8,55,0train,1test,0.25,sanitized,287,72,216,1,left_hand,0.030864197530864196,0.7731481481481481,0.7731481481481481,0.7658817645790028,0.6975308641975309,0.16356297690768,0.03498330904703967,1.0,0.003472222222222222,0.0,0.0
8,11,0train,1test,0.5,clean,288,144,144,1,left_hand,0.0,0.8194444444444444,0.8194444444444444,0.818332982806667,0.7592592592592593,,,,,,
8,11,0train,1test,0.5,poisoned,288,144,144,1,left_hand,0.6851851851851852,0.75,0.75,0.7465333364403587,0.6666666666666667,,,,,,
8,11,0train,1test,0.5,sanitized,287,144,144,1,left_hand,0.6944444444444444,0.7291666666666666,0.7291666666666666,0.7243690735494015,0.6388888888888888,0.16356297690768,0.03536920222399331,1.0,0.003472222222222222,0.0,0.0
8,22,0train,1test,0.5,clean,288,144,144,1,left_hand,0.0,0.8194444444444444,0.8194444444444444,0.8168023278225631,0.7592592592592593,,,,,,
8,22,0train,1test,0.5,poisoned,288,144,144,1,left_hand,0.8333333333333334,0.7708333333333334,0.7708333333333334,0.7688858135752865,0.6944444444444444,,,,,,
8,22,0train,1test,0.5,sanitized,287,144,144,1,left_hand,0.7870370370370371,0.7708333333333334,0.7708333333333334,0.7688858135752865,0.6944444444444444,0.16248544828934683,0.03445399663171585,1.0,0.003472222222222222,0.0,0.0
8,33,0train,1test,0.5,clean,288,144,144,1,left_hand,0.0,0.7986111111111112,0.7986111111111112,0.7983503138598416,0.7314814814814814,,,,,,
8,33,0train,1test,0.5,poisoned,288,144,144,1,left_hand,0.8240740740740741,0.7430555555555556,0.7430555555555556,0.7407024313620365,0.6574074074074074,,,,,,
8,33,0train,1test,0.5,sanitized,287,144,144,1,left_hand,0.8240740740740741,0.7291666666666666,0.7291666666666667,0.7266335814722912,0.6388888888888888,0.16248544828934683,0.03359240165056704,1.0,0.003472222222222222,0.0,0.0
8,44,0train,1test,0.5,clean,288,144,144,1,left_hand,0.0,0.7847222222222222,0.7847222222222223,0.7847579306322072,0.712962962962963,,,,,,
8,44,0train,1test,0.5,poisoned,288,144,144,1,left_hand,0.8240740740740741,0.7638888888888888,0.7638888888888888,0.7643750603689752,0.6851851851851851,,,,,,
8,44,0train,1test,0.5,sanitized,287,144,144,1,left_hand,0.8148148148148148,0.7708333333333334,0.7708333333333333,0.7714357107160705,0.6944444444444444,0.16356297690768,0.03489674221153577,1.0,0.003472222222222222,0.0,0.0
8,55,0train,1test,0.5,clean,288,144,144,1,left_hand,0.0,0.8194444444444444,0.8194444444444445,0.8189237233354881,0.7592592592592593,,,,,,
8,55,0train,1test,0.5,poisoned,288,144,144,1,left_hand,0.7314814814814815,0.7986111111111112,0.7986111111111112,0.7976393144932471,0.7314814814814814,,,,,,
8,55,0train,1test,0.5,sanitized,287,144,144,1,left_hand,0.7314814814814815,0.7916666666666666,0.7916666666666666,0.7914637445887446,0.7222222222222222,0.16356297690768,0.03498330904703967,1.0,0.003472222222222222,0.0,0.0
9,11,0train,1test,0.0,clean,288,0,288,1,left_hand,0.0,0.8055555555555556,0.8055555555555556,0.8013616058526758,0.7407407407407407,,,,,,
9,11,0train,1test,0.0,poisoned,288,0,288,1,left_hand,0.032407407407407406,0.7916666666666666,0.7916666666666667,0.7820012267474064,0.7222222222222222,,,,,,
9,11,0train,1test,0.0,sanitized,288,0,288,1,left_hand,0.032407407407407406,0.7916666666666666,0.7916666666666667,0.7820012267474064,0.7222222222222222,0.2717998041260884,0.03821871588275193,0.0,0.0,0.0,0.0
9,22,0train,1test,0.0,clean,288,0,288,1,left_hand,0.0,0.8055555555555556,0.8055555555555556,0.8013616058526758,0.7407407407407407,,,,,,
9,22,0train,1test,0.0,poisoned,288,0,288,1,left_hand,0.09722222222222222,0.7569444444444444,0.7569444444444444,0.7532146833455133,0.6759259259259259,,,,,,
9,22,0train,1test,0.0,sanitized,288,0,288,1,left_hand,0.09722222222222222,0.7569444444444444,0.7569444444444444,0.7532146833455133,0.6759259259259259,0.2717998041260884,0.03821871588275193,0.0,0.0,0.0,0.0
9,33,0train,1test,0.0,clean,288,0,288,1,left_hand,0.0,0.8055555555555556,0.8055555555555556,0.8013616058526758,0.7407407407407407,,,,,,
9,33,0train,1test,0.0,poisoned,288,0,288,1,left_hand,0.05092592592592592,0.7916666666666666,0.7916666666666667,0.7834932624057874,0.7222222222222222,,,,,,
9,33,0train,1test,0.0,sanitized,288,0,288,1,left_hand,0.05092592592592592,0.7916666666666666,0.7916666666666667,0.7834932624057874,0.7222222222222222,0.2717998041260884,0.0377647135703635,0.0,0.0,0.0,0.0
9,44,0train,1test,0.0,clean,288,0,288,1,left_hand,0.0,0.8055555555555556,0.8055555555555556,0.8013616058526758,0.7407407407407407,,,,,,
9,44,0train,1test,0.0,poisoned,288,0,288,1,left_hand,0.1712962962962963,0.75,0.75,0.7408261493761555,0.6666666666666667,,,,,,
9,44,0train,1test,0.0,sanitized,288,0,288,1,left_hand,0.1712962962962963,0.75,0.75,0.7408261493761555,0.6666666666666667,0.2717598527880065,0.038803699730528385,0.0,0.0,0.0,0.0
9,55,0train,1test,0.0,clean,288,0,288,1,left_hand,0.0,0.8055555555555556,0.8055555555555556,0.8013616058526758,0.7407407407407407,,,,,,
9,55,0train,1test,0.0,poisoned,288,0,288,1,left_hand,0.037037037037037035,0.7604166666666666,0.7604166666666666,0.7543924103073991,0.6805555555555556,,,,,,
9,55,0train,1test,0.0,sanitized,288,0,288,1,left_hand,0.037037037037037035,0.7604166666666666,0.7604166666666666,0.7543924103073991,0.6805555555555556,0.2717598527880065,0.04102448266743994,0.0,0.0,0.0,0.0
9,11,0train,1test,0.1,clean,288,28,260,1,left_hand,0.005128205128205128,0.8038461538461539,0.8038461538461539,0.8008587416688531,0.7384615384615385,,,,,,
9,11,0train,1test,0.1,poisoned,288,28,260,1,left_hand,0.06153846153846154,0.8,0.8,0.7911880986141101,0.7333333333333334,,,,,,
9,11,0train,1test,0.1,sanitized,288,28,260,1,left_hand,0.06153846153846154,0.8,0.8,0.7911880986141101,0.7333333333333334,0.2717998041260884,0.03821871588275193,0.0,0.0,0.0,0.0
9,22,0train,1test,0.1,clean,288,28,260,1,left_hand,0.005128205128205128,0.8153846153846154,0.8153846153846154,0.8113462987159861,0.7538461538461538,,,,,,
9,22,0train,1test,0.1,poisoned,288,28,260,1,left_hand,0.07692307692307693,0.8192307692307692,0.8192307692307692,0.8142677482053104,0.7589743589743589,,,,,,
9,22,0train,1test,0.1,sanitized,288,28,260,1,left_hand,0.07692307692307693,0.8192307692307692,0.8192307692307692,0.8142677482053104,0.7589743589743589,0.2717998041260884,0.03821871588275193,0.0,0.0,0.0,0.0
9,33,0train,1test,0.1,clean,288,28,260,1,left_hand,0.005128205128205128,0.8192307692307692,0.8192307692307692,0.815903540903541,0.7589743589743589,,,,,,
9,33,0train,1test,0.1,poisoned,288,28,260,1,left_hand,0.046153846153846156,0.823076923076923,0.823076923076923,0.8165375040359621,0.764102564102564,,,,,,
9,33,0train,1test,0.1,sanitized,288,28,260,1,left_hand,0.046153846153846156,0.823076923076923,0.823076923076923,0.8165375040359621,0.764102564102564,0.2717998041260884,0.0377647135703635,0.0,0.0,0.0,0.0
9,44,0train,1test,0.1,clean,288,28,260,1,left_hand,0.005128205128205128,0.8384615384615385,0.8384615384615385,0.8368645962644037,0.7846153846153846,,,,,,
9,44,0train,1test,0.1,poisoned,288,28,260,1,left_hand,0.11282051282051282,0.8,0.7999999999999999,0.7953458067577449,0.7333333333333334,,,,,,
9,44,0train,1test,0.1,sanitized,288,28,260,1,left_hand,0.11282051282051282,0.8,0.7999999999999999,0.7953458067577449,0.7333333333333334,0.2717598527880065,0.038803699730528385,0.0,0.0,0.0,0.0
9,55,0train,1test,0.1,clean,288,28,260,1,left_hand,0.005128205128205128,0.8307692307692308,0.8307692307692308,0.8273385734999908,0.7743589743589744,,,,,,
9,55,0train,1test,0.1,poisoned,288,28,260,1,left_hand,0.03076923076923077,0.8346153846153846,0.8346153846153846,0.8289187723456393,0.7794871794871795,,,,,,
9,55,0train,1test,0.1,sanitized,288,28,260,1,left_hand,0.03076923076923077,0.8346153846153846,0.8346153846153846,0.8289187723456393,0.7794871794871795,0.2717598527880065,0.04102448266743994,0.0,0.0,0.0,0.0
9,11,0train,1test,0.25,clean,288,72,216,1,left_hand,0.012345679012345678,0.8194444444444444,0.8194444444444444,0.8169084314156531,0.7592592592592593,,,,,,
9,11,0train,1test,0.25,poisoned,288,72,216,1,left_hand,0.024691358024691357,0.8240740740740741,0.824074074074074,0.8161054648180018,0.7654320987654322,,,,,,
9,11,0train,1test,0.25,sanitized,288,72,216,1,left_hand,0.024691358024691357,0.8240740740740741,0.824074074074074,0.8161054648180018,0.7654320987654322,0.2717998041260884,0.03821871588275193,0.0,0.0,0.0,0.0
9,22,0train,1test,0.25,clean,288,72,216,1,left_hand,0.006172839506172839,0.8564814814814815,0.8564814814814814,0.8551194106140931,0.808641975308642,,,,,,
9,22,0train,1test,0.25,poisoned,288,72,216,1,left_hand,0.06790123456790123,0.8657407407407407,0.8657407407407407,0.863819147285103,0.8209876543209876,,,,,,
9,22,0train,1test,0.25,sanitized,288,72,216,1,left_hand,0.06790123456790123,0.8657407407407407,0.8657407407407407,0.863819147285103,0.8209876543209876,0.2717998041260884,0.03821871588275193,0.0,0.0,0.0,0.0
9,33,0train,1test,0.25,clean,288,72,216,1,left_hand,0.006172839506172839,0.8194444444444444,0.8194444444444444,0.8177755577755578,0.7592592592592593,,,,,,
9,33,0train,1test,0.25,poisoned,288,72,216,1,left_hand,0.030864197530864196,0.8425925925925926,0.8425925925925926,0.8380219171072452,0.7901234567901234,,,,,,
9,33,0train,1test,0.25,sanitized,288,72,216,1,left_hand,0.030864197530864196,0.8425925925925926,0.8425925925925926,0.8380219171072452,0.7901234567901234,0.2717998041260884,0.0377647135703635,0.0,0.0,0.0,0.0
9,44,0train,1test,0.25,clean,288,72,216,1,left_hand,0.006172839506172839,0.8425925925925926,0.8425925925925926,0.8421882821025748,0.7901234567901234,,,,,,
9,44,0train,1test,0.25,poisoned,288,72,216,1,left_hand,0.1111111111111111,0.8518518518518519,0.8518518518518519,0.8503488173733748,0.8024691358024691,,,,,,
9,44,0train,1test,0.25,sanitized,288,72,216,1,left_hand,0.1111111111111111,0.8518518518518519,0.8518518518518519,0.8503488173733748,0.8024691358024691,0.2717598527880065,0.038803699730528385,0.0,0.0,0.0,0.0
9,55,0train,1test,0.25,clean,288,72,216,1,left_hand,0.012345679012345678,0.8518518518518519,0.8518518518518519,0.8498520960960249,0.8024691358024691,,,,,,
9,55,0train,1test,0.25,poisoned,288,72,216,1,left_hand,0.05555555555555555,0.8796296296296297,0.8796296296296295,0.8766101280892855,0.8395061728395061,,,,,,
9,55,0train,1test,0.25,sanitized,288,72,216,1,left_hand,0.05555555555555555,0.8796296296296297,0.8796296296296295,0.8766101280892855,0.8395061728395061,0.2717598527880065,0.04102448266743994,0.0,0.0,0.0,0.0
9,11,0train,1test,0.5,clean,288,144,144,1,left_hand,0.009259259259259259,0.8541666666666666,0.8541666666666667,0.8529654015238832,0.8055555555555556,,,,,,
9,11,0train,1test,0.5,poisoned,288,144,144,1,left_hand,0.4722222222222222,0.8680555555555556,0.8680555555555556,0.8604760619938981,0.8240740740740741,,,,,,
9,11,0train,1test,0.5,sanitized,288,144,144,1,left_hand,0.4722222222222222,0.8680555555555556,0.8680555555555556,0.8604760619938981,0.8240740740740741,0.2717998041260884,0.03821871588275193,0.0,0.0,0.0,0.0
9,22,0train,1test,0.5,clean,288,144,144,1,left_hand,0.018518518518518517,0.8333333333333334,0.8333333333333334,0.8312968721419426,0.7777777777777778,,,,,,
9,22,0train,1test,0.5,poisoned,288,144,144,1,left_hand,0.5740740740740741,0.8402777777777778,0.8402777777777778,0.8377315203580921,0.787037037037037,,,,,,
9,22,0train,1test,0.5,sanitized,288,144,144,1,left_hand,0.5740740740740741,0.8402777777777778,0.8402777777777778,0.8377315203580921,0.787037037037037,0.2717998041260884,0.03821871588275193,0.0,0.0,0.0,0.0
9,33,0train,1test,0.5,clean,288,144,144,1,left_hand,0.009259259259259259,0.8263888888888888,0.8263888888888888,0.8282550020536291,0.7685185185185185,,,,,,
9,33,0train,1test,0.5,poisoned,288,144,144,1,left_hand,0.3611111111111111,0.8402777777777778,0.8402777777777778,0.8386269293995345,0.787037037037037,,,,,,
9,33,0train,1test,0.5,sanitized,288,144,144,1,left_hand,0.3611111111111111,0.8402777777777778,0.8402777777777778,0.8386269293995345,0.787037037037037,0.2717998041260884,0.0377647135703635,0.0,0.0,0.0,0.0
9,44,0train,1test,0.5,clean,288,144,144,1,left_hand,0.009259259259259259,0.8472222222222222,0.8472222222222223,0.8459850009145784,0.7962962962962963,,,,,,
9,44,0train,1test,0.5,poisoned,288,144,144,1,left_hand,0.5648148148148148,0.8680555555555556,0.8680555555555556,0.8618468076885926,0.8240740740740741,,,,,,
9,44,0train,1test,0.5,sanitized,288,144,144,1,left_hand,0.5648148148148148,0.8680555555555556,0.8680555555555556,0.8618468076885926,0.8240740740740741,0.2717598527880065,0.038803699730528385,0.0,0.0,0.0,0.0
9,55,0train,1test,0.5,clean,288,144,144,1,left_hand,0.018518518518518517,0.8611111111111112,0.8611111111111112,0.859653295474191,0.8148148148148149,,,,,,
9,55,0train,1test,0.5,poisoned,288,144,144,1,left_hand,0.5,0.9027777777777778,0.9027777777777777,0.9008181867359082,0.8703703703703703,,,,,,
9,55,0train,1test,0.5,sanitized,288,144,144,1,left_hand,0.5,0.9027777777777778,0.9027777777777777,0.9008181867359082,0.8703703703703703,0.2717598527880065,0.04102448266743994,0.0,0.0,0.0,0.0
