alignment_mode,calibration_fraction,scenario,defense_removed_fraction,defense_poison_recall,defense_removal_precision,defense_clean_false_removal_rate,defense_reference_target_calibration
inductive,0.0,crcs,0.14930555555555555,0.0022988505747126436,0.0015503875968992248,0.16576576576576577,0.0
inductive,0.0,spectral_baseline,0.013271604938271604,0.014559386973180075,0.058888888888888886,0.013127413127413128,
inductive,0.1,crcs,0.14930555555555555,0.9279693486590038,0.6258397932816537,0.06211926211926212,1.0
inductive,0.1,spectral_baseline,0.013271604938271604,0.014559386973180075,0.058888888888888886,0.013127413127413128,
inductive,0.25,crcs,0.14930555555555555,0.9333333333333333,0.6294573643410852,0.06151866151866152,1.0
inductive,0.25,spectral_baseline,0.013271604938271604,0.014559386973180075,0.058888888888888886,0.013127413127413128,
inductive,0.5,crcs,0.14930555555555555,0.9509578544061303,0.641343669250646,0.05954525954525954,1.0
inductive,0.5,spectral_baseline,0.013271604938271604,0.014559386973180075,0.058888888888888886,0.013127413127413128,
inductive,0.75,crcs,0.14930555555555555,0.9655172413793104,0.6511627906976744,0.05791505791505791,1.0
inductive,0.75,spectral_baseline,0.013271604938271604,0.014559386973180075,0.058888888888888886,0.013127413127413128,
inductive,0.8,crcs,0.14930555555555555,0.9655172413793104,0.6511627906976744,0.05791505791505791,1.0
inductive,0.8,spectral_baseline,0.013271604938271604,0.014559386973180075,0.058888888888888886,0.013127413127413128,
transductive,0.0,crcs,0.14930555555555555,0.0022988505747126436,0.0015503875968992248,0.16576576576576577,0.0
transductive,0.0,spectral_baseline,0.013271604938271604,0.014559386973180075,0.058888888888888886,0.013127413127413128,
transductive,0.1,crcs,0.14930555555555555,0.9379310344827586,0.6325581395348837,0.06100386100386101,1.0
transductive,0.1,spectral_baseline,0.013271604938271604,0.014559386973180075,0.058888888888888886,0.013127413127413128,
transductive,0.25,crcs,0.14930555555555555,0.935632183908046,0.6310077519379844,0.06126126126126127,1.0
transductive,0.25,spectral_baseline,0.013271604938271604,0.014559386973180075,0.058888888888888886,0.013127413127413128,
transductive,0.5,crcs,0.14930555555555555,0.9532567049808429,0.6428940568475452,0.05928785928785929,1.0
transductive,0.5,spectral_baseline,0.013271604938271604,0.014559386973180075,0.058888888888888886,0.013127413127413128,
transductive,0.75,crcs,0.14930555555555555,0.963984674329502,0.6501291989664082,0.05808665808665808,1.0
transductive,0.75,spectral_baseline,0.013271604938271604,0.014559386973180075,0.058888888888888886,0.013127413127413128,
transductive,0.8,crcs,0.14930555555555555,0.9662835249042147,0.6516795865633075,0.05782925782925783,1.0
transductive,0.8,spectral_baseline,0.013271604938271604,0.014559386973180075,0.058888888888888886,0.013127413127413128,
