subject,alignment_mode,calibration_fraction,scenario,accuracy,balanced_accuracy,macro_f1,kappa,asr
1,inductive,0.0,clean,0.7430555555555556,0.7430555555555556,0.7415888591428428,0.6574074074074074,0.0
1,inductive,0.0,crcs,0.7368055555555555,0.7368055555555555,0.7366018467677302,0.649074074074074,0.07870370370370369
1,inductive,0.0,poisoned,0.7381944444444445,0.7381944444444446,0.737740662902757,0.6509259259259259,0.11851851851851851
1,inductive,0.0,spectral_baseline,0.7333333333333333,0.7333333333333334,0.732984193046813,0.6444444444444445,0.11944444444444444
1,inductive,0.1,clean,0.7892307692307692,0.7892307692307692,0.7887469409852167,0.718974358974359,0.0
1,inductive,0.1,crcs,0.7738461538461539,0.7738461538461539,0.7736091774456682,0.6984615384615385,0.1753846153846154
1,inductive,0.1,poisoned,0.7523076923076923,0.7523076923076923,0.7503814648413001,0.6697435897435897,0.08410256410256409
1,inductive,0.1,spectral_baseline,0.7461538461538462,0.7461538461538462,0.7442262131926358,0.6615384615384615,0.08717948717948718
1,inductive,0.25,clean,0.7898148148148149,0.7898148148148149,0.7888369739619367,0.7197530864197531,0.0
1,inductive,0.25,crcs,0.7842592592592592,0.7842592592592593,0.7834578611444043,0.7123456790123457,0.0
1,inductive,0.25,poisoned,0.737037037037037,0.737037037037037,0.734209312400378,0.6493827160493828,0.21975308641975308
1,inductive,0.25,spectral_baseline,0.737037037037037,0.737037037037037,0.7345630282554111,0.6493827160493828,0.2185185185185185
1,inductive,0.5,clean,0.773611111111111,0.773611111111111,0.772568397171803,0.6981481481481481,0.0
1,inductive,0.5,crcs,0.7708333333333333,0.7708333333333334,0.769889728957114,0.6944444444444444,0.0
1,inductive,0.5,poisoned,0.7347222222222223,0.7347222222222222,0.7310906531099239,0.6462962962962963,0.6851851851851852
1,inductive,0.5,spectral_baseline,0.726388888888889,0.7263888888888889,0.7221420041073949,0.6351851851851852,0.7055555555555555
1,inductive,0.75,clean,0.775,0.775,0.773973057250291,0.7,0.0
1,inductive,0.75,crcs,0.7777777777777778,0.7777777777777778,0.7764524762022332,0.7037037037037037,0.0
1,inductive,0.75,poisoned,0.7583333333333333,0.7583333333333334,0.7540825322403586,0.6777777777777778,0.5777777777777777
1,inductive,0.75,spectral_baseline,0.7472222222222222,0.7472222222222222,0.7426886627840895,0.662962962962963,0.5592592592592592
1,inductive,0.8,clean,0.7678571428571429,0.7678571428571428,0.7659108924484096,0.6904761904761905,0.0
1,inductive,0.8,crcs,0.7607142857142858,0.7607142857142857,0.7586186885406851,0.680952380952381,0.0
1,inductive,0.8,poisoned,0.75,0.75,0.7432398627710942,0.6666666666666667,0.5428571428571429
1,inductive,0.8,spectral_baseline,0.7428571428571429,0.7428571428571428,0.7354754390227994,0.6571428571428571,0.5333333333333333
1,transductive,0.0,clean,0.7986111111111112,0.798611111111111,0.7992160144579733,0.7314814814814814,0.0
1,transductive,0.0,crcs,0.75,0.75,0.7484911547822655,0.6666666666666667,0.06481481481481481
1,transductive,0.0,poisoned,0.7472222222222222,0.7472222222222222,0.7459635191983999,0.662962962962963,0.11018518518518519
1,transductive,0.0,spectral_baseline,0.7465277777777778,0.7465277777777778,0.7452088645435098,0.662037037037037,0.12222222222222223
1,transductive,0.1,clean,0.7876923076923077,0.7876923076923077,0.7878400374082543,0.716923076923077,0.0
1,transductive,0.1,crcs,0.7692307692307693,0.7692307692307693,0.7689437317297468,0.6923076923076923,0.316923076923077
1,transductive,0.1,poisoned,0.7515384615384615,0.7515384615384615,0.7500717320151917,0.6687179487179488,0.0882051282051282
1,transductive,0.1,spectral_baseline,0.7476923076923077,0.7476923076923077,0.746009658533823,0.6635897435897437,0.09333333333333334
1,transductive,0.25,clean,0.7842592592592592,0.7842592592592592,0.7837628097405607,0.7123456790123457,0.0
1,transductive,0.25,crcs,0.7814814814814814,0.7814814814814814,0.7811245444944804,0.7086419753086419,0.0
1,transductive,0.25,poisoned,0.7444444444444445,0.7444444444444445,0.7425049189672619,0.6592592592592592,0.22098765432098766
1,transductive,0.25,spectral_baseline,0.7287037037037037,0.7287037037037037,0.7268841194593403,0.6382716049382716,0.39135802469135805
1,transductive,0.5,clean,0.775,0.775,0.7742667506496282,0.7,0.0
1,transductive,0.5,crcs,0.7652777777777777,0.7652777777777777,0.764637568889692,0.687037037037037,0.0
1,transductive,0.5,poisoned,0.736111111111111,0.736111111111111,0.7327963308445001,0.6481481481481481,0.7074074074074075
1,transductive,0.5,spectral_baseline,0.7236111111111112,0.7236111111111111,0.7200330652846272,0.6314814814814815,0.7240740740740741
1,transductive,0.75,clean,0.7666666666666667,0.7666666666666666,0.7665518826437956,0.6888888888888889,0.0
1,transductive,0.75,crcs,0.7694444444444445,0.7694444444444445,0.7684586464453659,0.6925925925925925,0.0
1,transductive,0.75,poisoned,0.7611111111111111,0.7611111111111111,0.7566044403201694,0.6814814814814815,0.5888888888888889
1,transductive,0.75,spectral_baseline,0.7527777777777778,0.7527777777777778,0.7473139638351665,0.6703703703703704,0.5740740740740741
1,transductive,0.8,clean,0.7642857142857143,0.7642857142857142,0.7625631877337694,0.6857142857142857,0.0
1,transductive,0.8,crcs,0.7535714285714286,0.7535714285714286,0.7518433576887414,0.6714285714285715,0.0
1,transductive,0.8,poisoned,0.7428571428571429,0.7428571428571428,0.7357830098045082,0.6571428571428571,0.5380952380952382
1,transductive,0.8,spectral_baseline,0.7392857142857143,0.7392857142857142,0.7313998929213913,0.6523809523809524,0.5380952380952382
2,inductive,0.0,clean,0.5381944444444444,0.5381944444444444,0.4912409200968523,0.3842592592592593,0.0
2,inductive,0.0,crcs,0.4958333333333334,0.4958333333333334,0.45442620819163215,0.3277777777777778,0.14907407407407408
2,inductive,0.0,poisoned,0.4840277777777778,0.4840277777777778,0.42818405990548997,0.312037037037037,0.1787037037037037
2,inductive,0.0,spectral_baseline,0.4756944444444445,0.4756944444444445,0.41734827129957586,0.30092592592592593,0.14537037037037037
2,inductive,0.1,clean,0.5523076923076923,0.5523076923076923,0.5095888632596407,0.40307692307692305,0.0
2,inductive,0.1,crcs,0.5599999999999999,0.5599999999999999,0.5200994899726641,0.4133333333333333,0.0
2,inductive,0.1,poisoned,0.5461538461538462,0.5461538461538462,0.5171607475892414,0.39487179487179486,0.024615384615384615
2,inductive,0.1,spectral_baseline,0.5361538461538462,0.5361538461538462,0.5041913580008414,0.3815384615384615,0.020512820512820513
2,inductive,0.25,clean,0.5824074074074075,0.5824074074074075,0.556686841760264,0.44320987654320987,0.0
2,inductive,0.25,crcs,0.5731481481481481,0.5731481481481481,0.5501532366383913,0.43086419753086413,0.0
2,inductive,0.25,poisoned,0.5296296296296296,0.5296296296296296,0.5249949735446281,0.37283950617283945,0.9790123456790123
2,inductive,0.25,spectral_baseline,0.5351851851851852,0.5351851851851851,0.5311770679911747,0.3802469135802469,0.9765432098765432
2,inductive,0.5,clean,0.5652777777777778,0.5652777777777779,0.5457835262441068,0.42037037037037034,0.0
2,inductive,0.5,crcs,0.5833333333333333,0.5833333333333333,0.5629630542396548,0.4444444444444445,0.0
2,inductive,0.5,poisoned,0.5555555555555556,0.5555555555555556,0.5490093077376763,0.40740740740740744,0.9888888888888889
2,inductive,0.5,spectral_baseline,0.5541666666666666,0.5541666666666667,0.5476350332092341,0.40555555555555556,0.9851851851851852
2,inductive,0.75,clean,0.5666666666666667,0.5666666666666667,0.5473876706636431,0.4222222222222222,0.0
2,inductive,0.75,crcs,0.5666666666666667,0.5666666666666667,0.5507279243133503,0.4222222222222222,0.0
2,inductive,0.75,poisoned,0.5583333333333333,0.5583333333333333,0.5513887133198051,0.4111111111111111,0.9851851851851852
2,inductive,0.75,spectral_baseline,0.5611111111111111,0.5611111111111111,0.5538915147282167,0.4148148148148148,0.9814814814814815
2,inductive,0.8,clean,0.6142857142857142,0.6142857142857142,0.5982689271861137,0.48571428571428577,0.0
2,inductive,0.8,crcs,0.6035714285714285,0.6035714285714285,0.5919830191787462,0.4714285714285714,0.0
2,inductive,0.8,poisoned,0.575,0.575,0.5678579003898199,0.4333333333333334,0.9857142857142858
2,inductive,0.8,spectral_baseline,0.575,0.575,0.5677534071818784,0.4333333333333334,0.9857142857142858
2,transductive,0.0,clean,0.4722222222222222,0.4722222222222222,0.3970894036298132,0.2962962962962963,0.0
2,transductive,0.0,crcs,0.5104166666666667,0.5104166666666667,0.4528228291775093,0.3472222222222222,0.0
2,transductive,0.0,poisoned,0.4930555555555555,0.4930555555555555,0.4397888257964734,0.32407407407407407,0.0009259259259259259
2,transductive,0.0,spectral_baseline,0.48611111111111105,0.48611111111111105,0.4279807992062604,0.31481481481481477,0.0
2,transductive,0.1,clean,0.5492307692307692,0.5492307692307692,0.5046412404077738,0.39897435897435896,0.0
2,transductive,0.1,crcs,0.5599999999999999,0.5599999999999999,0.5229457074220398,0.4133333333333333,0.0
2,transductive,0.1,poisoned,0.5284615384615384,0.5284615384615384,0.4956769758484925,0.3712820512820513,0.03076923076923077
2,transductive,0.1,spectral_baseline,0.52,0.52,0.4862665674945136,0.36,0.019487179487179488
2,transductive,0.25,clean,0.5796296296296296,0.5796296296296296,0.5507110304827387,0.43950617283950616,0.0
2,transductive,0.25,crcs,0.5814814814814815,0.5814814814814815,0.5599792288523329,0.4419753086419753,0.0
2,transductive,0.25,poisoned,0.5435185185185185,0.5435185185185185,0.5393608630271487,0.391358024691358,0.982716049382716
2,transductive,0.25,spectral_baseline,0.5287037037037037,0.5287037037037037,0.5245130979505265,0.3716049382716049,0.9777777777777779
2,transductive,0.5,clean,0.5694444444444444,0.5694444444444444,0.5490503713783046,0.42592592592592593,0.0
2,transductive,0.5,crcs,0.5819444444444445,0.5819444444444445,0.561497577409533,0.44259259259259254,0.0
2,transductive,0.5,poisoned,0.5597222222222222,0.5597222222222222,0.5531380269078684,0.412962962962963,0.9888888888888889
2,transductive,0.5,spectral_baseline,0.5513888888888889,0.5513888888888889,0.5449617564964708,0.4018518518518519,0.9888888888888889
2,transductive,0.75,clean,0.5694444444444444,0.5694444444444444,0.5501283482283169,0.42592592592592593,0.0
2,transductive,0.75,crcs,0.5666666666666667,0.5666666666666667,0.5505584906862409,0.4222222222222222,0.0
2,transductive,0.75,poisoned,0.5666666666666667,0.5666666666666667,0.559859268145321,0.4222222222222222,0.9814814814814815
2,transductive,0.75,spectral_baseline,0.5583333333333333,0.5583333333333333,0.5511733332905231,0.4111111111111111,0.9814814814814815
2,transductive,0.8,clean,0.6,0.6,0.5836533100685681,0.4666666666666666,0.0
2,transductive,0.8,crcs,0.6035714285714285,0.6035714285714285,0.5917638322110388,0.4714285714285714,0.0
2,transductive,0.8,poisoned,0.5785714285714285,0.5785714285714285,0.571602041553316,0.43809523809523815,0.9857142857142858
2,transductive,0.8,spectral_baseline,0.5857142857142857,0.5857142857142856,0.5795206591675857,0.44761904761904764,0.9857142857142858
3,inductive,0.0,clean,0.7256944444444444,0.7256944444444444,0.7094451523047249,0.6342592592592593,0.0
3,inductive,0.0,crcs,0.7743055555555556,0.7743055555555556,0.7619098927792116,0.6990740740740741,0.03055555555555555
3,inductive,0.0,poisoned,0.7868055555555555,0.7868055555555555,0.7752847367495243,0.7157407407407408,0.03055555555555555
3,inductive,0.0,spectral_baseline,0.7875,0.7875,0.7749948733748755,0.7166666666666666,0.03055555555555555
3,inductive,0.1,clean,0.8430769230769231,0.8430769230769231,0.8428839343742908,0.7907692307692308,0.0
3,inductive,0.1,crcs,0.8353846153846154,0.8353846153846154,0.8348098156662674,0.7805128205128204,0.012307692307692308
3,inductive,0.1,poisoned,0.826153846153846,0.8261538461538462,0.8245231634429444,0.7682051282051282,0.04205128205128205
3,inductive,0.1,spectral_baseline,0.826153846153846,0.8261538461538462,0.8244206878240602,0.7682051282051282,0.04512820512820513
3,inductive,0.25,clean,0.8481481481481481,0.8481481481481481,0.8471222821567513,0.7975308641975308,0.0
3,inductive,0.25,crcs,0.8388888888888889,0.8388888888888889,0.8365569247950064,0.7851851851851852,0.4333333333333333
3,inductive,0.25,poisoned,0.837037037037037,0.837037037037037,0.8353350664989765,0.7827160493827161,0.02839506172839506
3,inductive,0.25,spectral_baseline,0.8351851851851851,0.8351851851851851,0.8329023968278788,0.7802469135802469,0.029629629629629627
3,inductive,0.5,clean,0.8666666666666666,0.8666666666666668,0.8658000745922345,0.8222222222222222,0.0
3,inductive,0.5,crcs,0.8694444444444445,0.8694444444444445,0.8680199961043027,0.825925925925926,0.45925925925925926
3,inductive,0.5,poisoned,0.836111111111111,0.836111111111111,0.8327151533641082,0.7814814814814814,0.7240740740740741
3,inductive,0.5,spectral_baseline,0.8347222222222221,0.8347222222222221,0.831191339139675,0.7796296296296297,0.7148148148148148
3,inductive,0.75,clean,0.8694444444444445,0.8694444444444445,0.8679743551454078,0.825925925925926,0.0
3,inductive,0.75,crcs,0.875,0.875,0.8740669491173836,0.8333333333333334,0.2148148148148148
3,inductive,0.75,poisoned,0.8444444444444444,0.8444444444444444,0.8402041929769635,0.7925925925925925,0.562962962962963
3,inductive,0.75,spectral_baseline,0.8416666666666666,0.8416666666666666,0.8370326956878189,0.788888888888889,0.5592592592592592
3,inductive,0.8,clean,0.8821428571428571,0.8821428571428571,0.8802890440832598,0.8428571428571429,0.0
3,inductive,0.8,crcs,0.8892857142857142,0.8892857142857142,0.8879501472037623,0.8523809523809524,0.22380952380952382
3,inductive,0.8,poisoned,0.85,0.85,0.8468681646907454,0.8,0.5380952380952382
3,inductive,0.8,spectral_baseline,0.85,0.85,0.8468681646907454,0.8,0.5285714285714287
3,transductive,0.0,clean,0.8472222222222221,0.8472222222222221,0.8457415128052412,0.7962962962962963,0.0
3,transductive,0.0,crcs,0.8291666666666666,0.8291666666666668,0.8258429344202691,0.7722222222222223,0.037037037037037035
3,transductive,0.0,poisoned,0.8333333333333334,0.8333333333333334,0.829884316300012,0.7777777777777778,0.05
3,transductive,0.0,spectral_baseline,0.8256944444444445,0.8256944444444445,0.8215456214359991,0.7675925925925926,0.04907407407407407
3,transductive,0.1,clean,0.8469230769230769,0.8469230769230769,0.8453446409710808,0.7958974358974359,0.0
3,transductive,0.1,crcs,0.8415384615384616,0.8415384615384616,0.839301810729952,0.7887179487179488,0.1835897435897436
3,transductive,0.1,poisoned,0.8338461538461539,0.8338461538461539,0.8309925444108652,0.7784615384615384,0.04512820512820513
3,transductive,0.1,spectral_baseline,0.826923076923077,0.826923076923077,0.8237784300213823,0.7692307692307693,0.04307692307692308
3,transductive,0.25,clean,0.8527777777777779,0.8527777777777776,0.8515729738249614,0.8037037037037038,0.0
3,transductive,0.25,crcs,0.8472222222222223,0.8472222222222221,0.844349588043919,0.7962962962962964,0.4382716049382716
3,transductive,0.25,poisoned,0.8416666666666666,0.8416666666666666,0.8392954760231074,0.788888888888889,0.03209876543209876
3,transductive,0.25,spectral_baseline,0.8342592592592591,0.8342592592592591,0.831676170888896,0.7790123456790123,0.03209876543209876
3,transductive,0.5,clean,0.8680555555555556,0.8680555555555556,0.8670946380153914,0.8240740740740741,0.0
3,transductive,0.5,crcs,0.8763888888888889,0.8763888888888889,0.8747992707402341,0.8351851851851851,0.4685185185185185
3,transductive,0.5,poisoned,0.836111111111111,0.836111111111111,0.8323895975036193,0.7814814814814814,0.7314814814814815
3,transductive,0.5,spectral_baseline,0.8347222222222221,0.8347222222222221,0.8311429971407375,0.7796296296296297,0.7277777777777777
3,transductive,0.75,clean,0.8666666666666666,0.8666666666666666,0.8648355612210101,0.8222222222222222,0.0
3,transductive,0.75,crcs,0.8694444444444445,0.8694444444444442,0.8683578125218994,0.825925925925926,0.20370370370370372
3,transductive,0.75,poisoned,0.8444444444444444,0.8444444444444444,0.8402386723864428,0.7925925925925926,0.5740740740740741
3,transductive,0.75,spectral_baseline,0.8444444444444444,0.8444444444444444,0.8399857271334975,0.7925925925925926,0.5740740740740741
3,transductive,0.8,clean,0.8821428571428571,0.8821428571428571,0.8802890440832598,0.8428571428571429,0.0
3,transductive,0.8,crcs,0.8821428571428571,0.8821428571428571,0.8810809007249496,0.8428571428571429,0.21428571428571433
3,transductive,0.8,poisoned,0.8535714285714284,0.8535714285714286,0.8506023934249741,0.8047619047619048,0.5428571428571429
3,transductive,0.8,spectral_baseline,0.8535714285714284,0.8535714285714286,0.8506023934249741,0.8047619047619048,0.5333333333333334
4,inductive,0.0,clean,0.6319444444444444,0.6319444444444444,0.6168134404924761,0.5092592592592593,0.0
4,inductive,0.0,crcs,0.6125,0.6125,0.6114636732816592,0.4833333333333334,0.14722222222222223
4,inductive,0.0,poisoned,0.6555555555555556,0.6555555555555556,0.6555929859465539,0.5407407407407407,0.12407407407407407
4,inductive,0.0,spectral_baseline,0.6534722222222222,0.6534722222222222,0.6533262122486038,0.537962962962963,0.12592592592592594
4,inductive,0.1,clean,0.6407692307692308,0.6407692307692308,0.6353584064011099,0.5210256410256411,0.0020512820512820513
4,inductive,0.1,crcs,0.6507692307692308,0.6507692307692308,0.6483153368163019,0.5343589743589743,0.0
4,inductive,0.1,poisoned,0.6538461538461539,0.6538461538461539,0.651619219985317,0.5384615384615385,0.1753846153846154
4,inductive,0.1,spectral_baseline,0.65,0.65,0.6492180199990546,0.5333333333333333,0.16615384615384615
4,inductive,0.25,clean,0.637962962962963,0.637962962962963,0.6380269960420442,0.5172839506172839,0.0
4,inductive,0.25,crcs,0.6277777777777778,0.6277777777777778,0.6277338459945737,0.5037037037037038,0.0
4,inductive,0.25,poisoned,0.624074074074074,0.6240740740740741,0.6210784103159817,0.49876543209876545,0.31234567901234567
4,inductive,0.25,spectral_baseline,0.5972222222222222,0.5972222222222221,0.5914836518609231,0.46296296296296297,0.5641975308641975
4,inductive,0.5,clean,0.6819444444444445,0.6819444444444445,0.6826862098296704,0.575925925925926,0.0
4,inductive,0.5,crcs,0.6722222222222223,0.6722222222222223,0.6726466699313656,0.562962962962963,0.0
4,inductive,0.5,poisoned,0.6430555555555555,0.6430555555555555,0.6375232515570379,0.524074074074074,0.787037037037037
4,inductive,0.5,spectral_baseline,0.6541666666666666,0.6541666666666667,0.650883010667588,0.538888888888889,0.7722222222222223
4,inductive,0.75,clean,0.6805555555555556,0.6805555555555556,0.6799685925229138,0.5740740740740741,0.0
4,inductive,0.75,crcs,0.675,0.675,0.6754241160665309,0.5666666666666667,0.0
4,inductive,0.75,poisoned,0.663888888888889,0.663888888888889,0.6564850101260864,0.5518518518518519,0.6592592592592592
4,inductive,0.75,spectral_baseline,0.6666666666666667,0.6666666666666667,0.6587694205654977,0.5555555555555556,0.6518518518518519
4,inductive,0.8,clean,0.6857142857142857,0.6857142857142857,0.6842380585154199,0.580952380952381,0.0
4,inductive,0.8,crcs,0.6821428571428572,0.6821428571428572,0.6818286720129045,0.5761904761904761,0.0
4,inductive,0.8,poisoned,0.6571428571428571,0.6571428571428571,0.6489955531949793,0.5428571428571429,0.6285714285714286
4,inductive,0.8,spectral_baseline,0.675,0.675,0.6678978710642136,0.5666666666666667,0.6476190476190476
4,transductive,0.0,clean,0.6770833333333334,0.6770833333333334,0.6741212224212559,0.5694444444444444,0.0
4,transductive,0.0,crcs,0.638888888888889,0.638888888888889,0.63625026110482,0.5185185185185185,0.20925925925925926
4,transductive,0.0,poisoned,0.6541666666666667,0.6541666666666667,0.6542457880162221,0.538888888888889,0.1648148148148148
4,transductive,0.0,spectral_baseline,0.6479166666666667,0.6479166666666666,0.6472430618227977,0.5305555555555556,0.20185185185185187
4,transductive,0.1,clean,0.6446153846153846,0.6446153846153846,0.6429166838781689,0.5261538461538462,0.0020512820512820513
4,transductive,0.1,crcs,0.6476923076923077,0.6476923076923077,0.6474052259138643,0.5302564102564103,0.0020512820512820513
4,transductive,0.1,poisoned,0.6599999999999999,0.6599999999999999,0.6587985126719957,0.5466666666666666,0.19692307692307692
4,transductive,0.1,spectral_baseline,0.6561538461538461,0.6561538461538461,0.6555200812531365,0.5415384615384615,0.1794871794871795
4,transductive,0.25,clean,0.6453703703703704,0.6453703703703704,0.6452170469821988,0.5271604938271606,0.0
4,transductive,0.25,crcs,0.637962962962963,0.637962962962963,0.6376440545798024,0.5172839506172839,0.0
4,transductive,0.25,poisoned,0.5898148148148148,0.5898148148148148,0.5829523487615383,0.4530864197530864,0.6197530864197531
4,transductive,0.25,spectral_baseline,0.5851851851851853,0.5851851851851853,0.5768350280532684,0.44691358024691363,0.5740740740740741
4,transductive,0.5,clean,0.6791666666666666,0.6791666666666666,0.679871481971548,0.5722222222222222,0.0
4,transductive,0.5,crcs,0.675,0.675,0.674832854011157,0.5666666666666667,0.0
4,transductive,0.5,poisoned,0.6458333333333333,0.6458333333333333,0.638469046467506,0.5277777777777779,0.798148148148148
4,transductive,0.5,spectral_baseline,0.6555555555555556,0.6555555555555556,0.6511040163693312,0.5407407407407407,0.7851851851851852
4,transductive,0.75,clean,0.6833333333333333,0.6833333333333333,0.6826076806785011,0.5777777777777777,0.0
4,transductive,0.75,crcs,0.6583333333333333,0.6583333333333333,0.657663940754111,0.5444444444444445,0.0
4,transductive,0.75,poisoned,0.663888888888889,0.663888888888889,0.6567456914737243,0.5518518518518519,0.6481481481481481
4,transductive,0.75,spectral_baseline,0.6694444444444445,0.6694444444444445,0.6622901110595183,0.5592592592592592,0.6407407407407407
4,transductive,0.8,clean,0.6928571428571428,0.6928571428571428,0.6915811336004304,0.5904761904761905,0.0
4,transductive,0.8,crcs,0.6821428571428572,0.6821428571428572,0.6816672752997837,0.5761904761904761,0.0
4,transductive,0.8,poisoned,0.6642857142857144,0.6642857142857143,0.6549500205182439,0.5523809523809524,0.6380952380952382
4,transductive,0.8,spectral_baseline,0.6678571428571429,0.6678571428571428,0.6595205839729676,0.5571428571428572,0.6428571428571429
5,inductive,0.0,clean,0.3125,0.3125,0.23241326750131813,0.08333333333333337,0.0
5,inductive,0.0,crcs,0.34097222222222223,0.34097222222222223,0.28801453323682696,0.1212962962962963,0.12037037037037038
5,inductive,0.0,poisoned,0.3541666666666667,0.3541666666666667,0.3022854680879361,0.1388888888888889,0.046296296296296294
5,inductive,0.0,spectral_baseline,0.35277777777777775,0.35277777777777775,0.30746218454181246,0.13703703703703704,0.059259259259259255
5,inductive,0.1,clean,0.3807692307692308,0.3807692307692308,0.35707193330494214,0.17435897435897435,0.0
5,inductive,0.1,crcs,0.3646153846153846,0.3646153846153846,0.33859801871583894,0.1528205128205128,0.0
5,inductive,0.1,poisoned,0.3892307692307692,0.3892307692307692,0.3781535258267182,0.18564102564102564,0.15282051282051282
5,inductive,0.1,spectral_baseline,0.38307692307692304,0.3830769230769231,0.369520422584552,0.17743589743589744,0.26564102564102565
5,inductive,0.25,clean,0.38796296296296295,0.38796296296296295,0.3676292712839162,0.18395061728395062,0.027160493827160494
5,inductive,0.25,crcs,0.39537037037037037,0.39537037037037037,0.382803100198137,0.19382716049382714,0.0
5,inductive,0.25,poisoned,0.36203703703703705,0.36203703703703705,0.3337343166949348,0.14938271604938275,0.9172839506172841
5,inductive,0.25,spectral_baseline,0.3814814814814815,0.3814814814814815,0.3599238013793052,0.17530864197530865,0.919753086419753
5,inductive,0.5,clean,0.42638888888888893,0.42638888888888893,0.4118464995798964,0.23518518518518522,0.0
5,inductive,0.5,crcs,0.4291666666666667,0.4291666666666667,0.4195187768724812,0.23888888888888885,0.0
5,inductive,0.5,poisoned,0.44722222222222224,0.44722222222222224,0.43963396974834923,0.26296296296296295,0.9444444444444444
5,inductive,0.5,spectral_baseline,0.41944444444444445,0.41944444444444445,0.4024381028588899,0.22592592592592595,0.9203703703703704
5,inductive,0.75,clean,0.475,0.475,0.45919499161900956,0.3,0.0
5,inductive,0.75,crcs,0.43611111111111106,0.43611111111111106,0.4312825742130178,0.24814814814814815,0.0
5,inductive,0.75,poisoned,0.4722222222222222,0.4722222222222222,0.46838657092753877,0.2962962962962963,0.9074074074074074
5,inductive,0.75,spectral_baseline,0.45,0.45,0.44578671710940904,0.2666666666666667,0.9037037037037037
5,inductive,0.8,clean,0.5035714285714286,0.5035714285714286,0.48781718000788354,0.3380952380952381,0.0
5,inductive,0.8,crcs,0.4821428571428571,0.4821428571428571,0.4769689650069829,0.30952380952380953,0.0
5,inductive,0.8,poisoned,0.46428571428571425,0.4642857142857143,0.4586847158624196,0.2857142857142857,0.9095238095238095
5,inductive,0.8,spectral_baseline,0.45357142857142857,0.45357142857142857,0.4479475906946825,0.27142857142857146,0.8952380952380953
5,transductive,0.0,clean,0.3923611111111111,0.3923611111111111,0.35402501501156214,0.18981481481481477,0.0
5,transductive,0.0,crcs,0.38333333333333336,0.3833333333333333,0.3746793484941057,0.1777777777777778,0.1824074074074074
5,transductive,0.0,poisoned,0.3902777777777778,0.3902777777777778,0.36865878612424563,0.18703703703703703,0.2953703703703704
5,transductive,0.0,spectral_baseline,0.38263888888888886,0.38263888888888886,0.3713055230217274,0.17685185185185184,0.11111111111111112
5,transductive,0.1,clean,0.38230769230769235,0.38230769230769235,0.3568176554741421,0.1764102564102564,0.0
5,transductive,0.1,crcs,0.3515384615384615,0.3515384615384615,0.3268060007985496,0.1353846153846154,0.0
5,transductive,0.1,poisoned,0.38076923076923075,0.3807692307692308,0.3682443264225892,0.17435897435897435,0.17333333333333334
5,transductive,0.1,spectral_baseline,0.3792307692307692,0.3792307692307692,0.3747787929935178,0.17230769230769233,0.20102564102564102
5,transductive,0.25,clean,0.3898148148148148,0.3898148148148148,0.3710824878587976,0.18641975308641975,0.012345679012345678
5,transductive,0.25,crcs,0.39722222222222225,0.3972222222222222,0.38514423777335416,0.1962962962962963,0.0
5,transductive,0.25,poisoned,0.362962962962963,0.36296296296296293,0.32809154341702307,0.1506172839506173,0.9283950617283951
5,transductive,0.25,spectral_baseline,0.3685185185185185,0.3685185185185185,0.345234685222142,0.15802469135802472,0.9444444444444444
5,transductive,0.5,clean,0.43611111111111106,0.43611111111111106,0.4209501587557679,0.24814814814814815,0.0
5,transductive,0.5,crcs,0.4291666666666667,0.4291666666666666,0.4190975608516756,0.23888888888888887,0.0
5,transductive,0.5,poisoned,0.45,0.45,0.44050711028107614,0.2666666666666667,0.95
5,transductive,0.5,spectral_baseline,0.43611111111111106,0.43611111111111106,0.42124874038524507,0.24814814814814817,0.9351851851851851
5,transductive,0.75,clean,0.4722222222222222,0.4722222222222222,0.45091055562794696,0.2962962962962963,0.0
5,transductive,0.75,crcs,0.4583333333333333,0.4583333333333333,0.4500307887728063,0.2777777777777778,0.0
5,transductive,0.75,poisoned,0.4722222222222222,0.4722222222222222,0.46992437499977113,0.2962962962962963,0.9296296296296296
5,transductive,0.75,spectral_baseline,0.45,0.45,0.44214407035472353,0.2666666666666667,0.9037037037037037
5,transductive,0.8,clean,0.5107142857142857,0.5107142857142857,0.49570721655677163,0.3476190476190476,0.0
5,transductive,0.8,crcs,0.475,0.475,0.469822640001885,0.3,0.0
5,transductive,0.8,poisoned,0.46428571428571425,0.4642857142857143,0.4618723680350609,0.2857142857142857,0.9380952380952381
5,transductive,0.8,spectral_baseline,0.4714285714285714,0.4714285714285714,0.4699089503008859,0.29523809523809524,0.9095238095238095
6,inductive,0.0,clean,0.4965277777777778,0.4965277777777778,0.48756383068123965,0.3287037037037037,0.0
6,inductive,0.0,crcs,0.4166666666666667,0.4166666666666667,0.39350921009698175,0.22222222222222224,0.28888888888888886
6,inductive,0.0,poisoned,0.4395833333333333,0.4395833333333334,0.42358698364950076,0.25277777777777777,0.25555555555555554
6,inductive,0.0,spectral_baseline,0.4395833333333333,0.4395833333333334,0.424689631127862,0.25277777777777777,0.2518518518518519
6,inductive,0.1,clean,0.4976923076923077,0.4976923076923077,0.49484999078199843,0.3302564102564103,0.008205128205128205
6,inductive,0.1,crcs,0.4546153846153846,0.4546153846153846,0.4477777361614577,0.27282051282051284,0.7292307692307692
6,inductive,0.1,poisoned,0.4576923076923077,0.4576923076923077,0.4522984634410214,0.27692307692307694,0.43076923076923085
6,inductive,0.1,spectral_baseline,0.4592307692307692,0.4592307692307693,0.45353367963069147,0.27897435897435896,0.4246153846153846
6,inductive,0.25,clean,0.5027777777777778,0.5027777777777778,0.5008297944062852,0.337037037037037,0.0
6,inductive,0.25,crcs,0.4333333333333333,0.4333333333333333,0.4256495624602007,0.24444444444444446,0.8592592592592592
6,inductive,0.25,poisoned,0.3935185185185185,0.3935185185185185,0.36971238587503824,0.19135802469135804,0.9987654320987656
6,inductive,0.25,spectral_baseline,0.40092592592592596,0.40092592592592596,0.38065744487029307,0.20123456790123456,0.9987654320987656
6,inductive,0.5,clean,0.5111111111111111,0.5111111111111111,0.5113248939140304,0.34814814814814815,0.0
6,inductive,0.5,crcs,0.5013888888888889,0.5013888888888889,0.49439744259437857,0.3351851851851852,0.7777777777777778
6,inductive,0.5,poisoned,0.4625,0.4625,0.4500316199662328,0.2833333333333333,0.9962962962962962
6,inductive,0.5,spectral_baseline,0.4583333333333333,0.4583333333333333,0.44554828789577056,0.2777777777777778,0.9962962962962962
6,inductive,0.75,clean,0.5611111111111111,0.5611111111111111,0.5625731518841587,0.4148148148148148,0.0
6,inductive,0.75,crcs,0.5111111111111111,0.5111111111111111,0.507408596202786,0.34814814814814815,0.6888888888888889
6,inductive,0.75,poisoned,0.5027777777777778,0.5027777777777778,0.49500359555285084,0.337037037037037,0.9851851851851852
6,inductive,0.75,spectral_baseline,0.4888888888888888,0.4888888888888888,0.4805879470033444,0.31851851851851853,0.9814814814814815
6,inductive,0.8,clean,0.55,0.55,0.5506770397700598,0.4,0.0
6,inductive,0.8,crcs,0.5535714285714286,0.5535714285714286,0.5520985698014341,0.40476190476190477,0.5952380952380952
6,inductive,0.8,poisoned,0.525,0.525,0.520179556897619,0.3666666666666666,0.9571428571428571
6,inductive,0.8,spectral_baseline,0.5214285714285715,0.5214285714285714,0.516085356059711,0.36190476190476184,0.9571428571428571
6,transductive,0.0,clean,0.4895833333333333,0.4895833333333332,0.4854556224229684,0.3194444444444444,0.0
6,transductive,0.0,crcs,0.43819444444444444,0.43819444444444444,0.43320980937666886,0.25092592592592594,0.42592592592592593
6,transductive,0.0,poisoned,0.4444444444444445,0.4444444444444445,0.43898603424673405,0.25925925925925924,0.4481481481481481
6,transductive,0.0,spectral_baseline,0.4409722222222222,0.4409722222222222,0.4354028322073037,0.25462962962962965,0.44907407407407407
6,transductive,0.1,clean,0.4976923076923077,0.4976923076923077,0.4944127824949033,0.3302564102564103,0.008205128205128205
6,transductive,0.1,crcs,0.4384615384615385,0.4384615384615385,0.4282788252882687,0.2512820512820513,0.875897435897436
6,transductive,0.1,poisoned,0.46307692307692305,0.46307692307692305,0.4585115374722971,0.28410256410256407,0.40410256410256407
6,transductive,0.1,spectral_baseline,0.4615384615384615,0.4615384615384615,0.4559073241138112,0.28205128205128205,0.40615384615384614
6,transductive,0.25,clean,0.4981481481481481,0.4981481481481482,0.4970435664906031,0.3308641975308642,0.0012345679012345679
6,transductive,0.25,crcs,0.4416666666666667,0.4416666666666667,0.4308801970867483,0.25555555555555554,0.8567901234567902
6,transductive,0.25,poisoned,0.39629629629629626,0.39629629629629626,0.37518702308392105,0.1950617283950617,0.9987654320987656
6,transductive,0.25,spectral_baseline,0.399074074074074,0.399074074074074,0.37972939350215645,0.19876543209876543,0.9987654320987656
6,transductive,0.5,clean,0.5166666666666666,0.5166666666666667,0.5163513394932447,0.3555555555555555,0.0
6,transductive,0.5,crcs,0.5055555555555555,0.5055555555555555,0.4997412188299849,0.34074074074074073,0.7759259259259259
6,transductive,0.5,poisoned,0.44722222222222224,0.44722222222222224,0.4323338669209974,0.26296296296296295,0.9981481481481481
6,transductive,0.5,spectral_baseline,0.45,0.45,0.4358476933605072,0.2666666666666667,0.9981481481481481
6,transductive,0.75,clean,0.5777777777777777,0.5777777777777777,0.578218998803475,0.437037037037037,0.0
6,transductive,0.75,crcs,0.525,0.525,0.5232705026698719,0.3666666666666667,0.6407407407407407
6,transductive,0.75,poisoned,0.49722222222222223,0.49722222222222223,0.4901100186006385,0.3296296296296296,0.9814814814814815
6,transductive,0.75,spectral_baseline,0.4833333333333333,0.4833333333333333,0.47532164626245593,0.3111111111111111,0.9851851851851852
6,transductive,0.8,clean,0.5321428571428571,0.5321428571428571,0.5331572441123331,0.3761904761904762,0.0
6,transductive,0.8,crcs,0.55,0.55,0.547578549139033,0.4,0.6095238095238095
6,transductive,0.8,poisoned,0.5178571428571429,0.5178571428571429,0.5121012516972919,0.3571428571428571,0.9571428571428571
6,transductive,0.8,spectral_baseline,0.5035714285714286,0.5035714285714286,0.49698677938783814,0.3380952380952381,0.9619047619047618
7,inductive,0.0,clean,0.5381944444444444,0.5381944444444444,0.4651591444375377,0.3842592592592593,0.0
7,inductive,0.0,crcs,0.5444444444444445,0.5444444444444445,0.5286187425802081,0.39259259259259255,0.03518518518518519
7,inductive,0.0,poisoned,0.5520833333333333,0.5520833333333334,0.5370210921139993,0.4027777777777778,0.025
7,inductive,0.0,spectral_baseline,0.54375,0.54375,0.5284381960620238,0.3916666666666667,0.029629629629629627
7,inductive,0.1,clean,0.7507692307692307,0.7507692307692307,0.7429972809318408,0.6676923076923077,0.0
7,inductive,0.1,crcs,0.7692307692307693,0.7692307692307693,0.7653317625396088,0.6923076923076923,0.0
7,inductive,0.1,poisoned,0.7238461538461538,0.7238461538461538,0.7210988457036963,0.6317948717948718,0.02358974358974359
7,inductive,0.1,spectral_baseline,0.7307692307692307,0.7307692307692308,0.7286732057314648,0.6410256410256411,0.033846153846153845
7,inductive,0.25,clean,0.7833333333333334,0.7833333333333333,0.7805733621578159,0.7111111111111111,0.0
7,inductive,0.25,crcs,0.7907407407407407,0.7907407407407407,0.7893576326202952,0.7209876543209877,0.0
7,inductive,0.25,poisoned,0.7555555555555555,0.7555555555555555,0.7535939947656474,0.674074074074074,0.9530864197530864
7,inductive,0.25,spectral_baseline,0.7583333333333333,0.7583333333333333,0.7564007206191606,0.6777777777777778,0.951851851851852
7,inductive,0.5,clean,0.8194444444444444,0.8194444444444444,0.8188890821451198,0.7592592592592593,0.0
7,inductive,0.5,crcs,0.8347222222222221,0.8347222222222221,0.8351037704470254,0.7796296296296297,0.0
7,inductive,0.5,poisoned,0.798611111111111,0.798611111111111,0.7983866032014701,0.7314814814814815,0.9018518518518519
7,inductive,0.5,spectral_baseline,0.7958333333333333,0.7958333333333334,0.7953957917169192,0.7277777777777777,0.8944444444444445
7,inductive,0.75,clean,0.861111111111111,0.861111111111111,0.860493044306946,0.8148148148148149,0.0
7,inductive,0.75,crcs,0.8666666666666666,0.8666666666666668,0.8662191263720374,0.8222222222222222,0.0
7,inductive,0.75,poisoned,0.8111111111111111,0.8111111111111111,0.8105094905962817,0.7481481481481482,0.8518518518518519
7,inductive,0.75,spectral_baseline,0.7916666666666667,0.7916666666666667,0.7912078244215506,0.7222222222222222,0.8333333333333334
7,inductive,0.8,clean,0.8678571428571429,0.8678571428571429,0.866361590660812,0.8238095238095238,0.0
7,inductive,0.8,crcs,0.8642857142857142,0.8642857142857142,0.8632079351044869,0.819047619047619,0.0
7,inductive,0.8,poisoned,0.7964285714285715,0.7964285714285715,0.7957126896315565,0.7285714285714285,0.8238095238095238
7,inductive,0.8,spectral_baseline,0.8071428571428572,0.8071428571428572,0.8065131616433746,0.7428571428571429,0.8238095238095238
7,transductive,0.0,clean,0.6979166666666666,0.6979166666666666,0.6794372844320165,0.5972222222222222,0.0
7,transductive,0.0,crcs,0.6527777777777778,0.6527777777777778,0.6485441552205063,0.537037037037037,0.017592592592592594
7,transductive,0.0,poisoned,0.6902777777777778,0.6902777777777778,0.6892156478874807,0.587037037037037,0.017592592592592594
7,transductive,0.0,spectral_baseline,0.6847222222222222,0.6847222222222222,0.6831807206166285,0.5796296296296297,0.017592592592592594
7,transductive,0.1,clean,0.7607692307692309,0.7607692307692309,0.7540809179212142,0.681025641025641,0.0
7,transductive,0.1,crcs,0.7638461538461538,0.7638461538461538,0.7590479592233916,0.6851282051282052,0.0
7,transductive,0.1,poisoned,0.7338461538461539,0.7338461538461539,0.7324665618030719,0.6451282051282051,0.03282051282051282
7,transductive,0.1,spectral_baseline,0.7330769230769231,0.7330769230769232,0.7308772348453403,0.6441025641025642,0.020512820512820513
7,transductive,0.25,clean,0.787037037037037,0.787037037037037,0.7843951194492516,0.7160493827160493,0.0
7,transductive,0.25,crcs,0.7907407407407407,0.7907407407407407,0.7890085119821963,0.7209876543209877,0.0
7,transductive,0.25,poisoned,0.75,0.75,0.7481337758764562,0.6666666666666666,0.9555555555555555
7,transductive,0.25,spectral_baseline,0.7601851851851852,0.7601851851851851,0.758602285912004,0.6802469135802469,0.9543209876543208
7,transductive,0.5,clean,0.8236111111111111,0.8236111111111111,0.8231205853215225,0.7648148148148148,0.0
7,transductive,0.5,crcs,0.8291666666666666,0.8291666666666668,0.8294747755186022,0.7722222222222223,0.0
7,transductive,0.5,poisoned,0.7902777777777777,0.7902777777777777,0.7899433064756818,0.7203703703703704,0.9055555555555556
7,transductive,0.5,spectral_baseline,0.7958333333333333,0.7958333333333334,0.7953758654354769,0.7277777777777777,0.8944444444444445
7,transductive,0.75,clean,0.8666666666666666,0.8666666666666666,0.8659599991952934,0.8222222222222222,0.0
7,transductive,0.75,crcs,0.8666666666666666,0.8666666666666668,0.8660517004770572,0.8222222222222222,0.0
7,transductive,0.75,poisoned,0.8111111111111111,0.8111111111111111,0.8105094905962817,0.7481481481481482,0.8518518518518519
7,transductive,0.75,spectral_baseline,0.8027777777777778,0.8027777777777778,0.8025095455762129,0.737037037037037,0.837037037037037
7,transductive,0.8,clean,0.8642857142857142,0.8642857142857142,0.8627746539704271,0.819047619047619,0.0
7,transductive,0.8,crcs,0.8678571428571429,0.8678571428571429,0.8669116388081906,0.8238095238095238,0.0
7,transductive,0.8,poisoned,0.8,0.8,0.7990525136367032,0.7333333333333333,0.8238095238095238
7,transductive,0.8,spectral_baseline,0.8071428571428572,0.8071428571428572,0.8064927323960266,0.7428571428571429,0.8285714285714285
8,inductive,0.0,clean,0.7083333333333334,0.7083333333333334,0.7053115925589837,0.6111111111111112,0.0
8,inductive,0.0,crcs,0.6895833333333333,0.6895833333333333,0.6810334926330988,0.586111111111111,0.10092592592592593
8,inductive,0.0,poisoned,0.6791666666666666,0.6791666666666666,0.6728622609359439,0.5722222222222222,0.12962962962962962
8,inductive,0.0,spectral_baseline,0.6888888888888889,0.6888888888888889,0.6843800218427839,0.5851851851851853,0.13981481481481484
8,inductive,0.1,clean,0.77,0.77,0.7684687863616565,0.6933333333333334,0.0
8,inductive,0.1,crcs,0.7546153846153846,0.7546153846153847,0.7518614748492363,0.6728205128205127,0.08717948717948718
8,inductive,0.1,poisoned,0.7261538461538461,0.7261538461538461,0.7183894849037193,0.6348717948717949,0.06769230769230769
8,inductive,0.1,spectral_baseline,0.7292307692307693,0.7292307692307693,0.7215564051529542,0.6389743589743591,0.07794871794871795
8,inductive,0.25,clean,0.7898148148148147,0.7898148148148147,0.7869810310397396,0.719753086419753,0.0
8,inductive,0.25,crcs,0.7898148148148147,0.7898148148148147,0.7883713340287262,0.7197530864197531,0.09753086419753086
8,inductive,0.25,poisoned,0.763888888888889,0.763888888888889,0.7592316728504268,0.6851851851851852,0.046913580246913576
8,inductive,0.25,spectral_baseline,0.7564814814814815,0.7564814814814815,0.7504201542162063,0.6753086419753086,0.04074074074074074
8,inductive,0.5,clean,0.8097222222222221,0.8097222222222221,0.808768694116693,0.7462962962962962,0.0018518518518518517
8,inductive,0.5,crcs,0.8125,0.8125,0.8119829229221779,0.75,0.1037037037037037
8,inductive,0.5,poisoned,0.7625,0.7625,0.7600005020392545,0.6833333333333333,0.7833333333333334
8,inductive,0.5,spectral_baseline,0.7569444444444444,0.7569444444444444,0.754627378081622,0.6759259259259259,0.762962962962963
8,inductive,0.75,clean,0.85,0.85,0.8498358949968108,0.8,0.014814814814814814
8,inductive,0.75,crcs,0.8527777777777779,0.8527777777777779,0.8526420930051621,0.8037037037037036,0.13333333333333333
8,inductive,0.75,poisoned,0.7861111111111111,0.7861111111111112,0.7838824119225669,0.7148148148148148,0.625925925925926
8,inductive,0.75,spectral_baseline,0.7916666666666666,0.7916666666666667,0.7889704383058124,0.7222222222222221,0.6185185185185185
8,inductive,0.8,clean,0.8642857142857142,0.8642857142857142,0.864547745980588,0.819047619047619,0.0
8,inductive,0.8,crcs,0.875,0.875,0.8737027271743625,0.8333333333333334,0.12380952380952381
8,inductive,0.8,poisoned,0.7857142857142858,0.7857142857142858,0.7829029196567148,0.7142857142857142,0.5904761904761905
8,inductive,0.8,spectral_baseline,0.7892857142857144,0.7892857142857144,0.7855205214396391,0.719047619047619,0.5809523809523809
8,transductive,0.0,clean,0.7638888888888888,0.7638888888888888,0.7611596342846343,0.6851851851851851,0.0
8,transductive,0.0,crcs,0.6916666666666667,0.6916666666666667,0.68254153462001,0.5888888888888889,0.05092592592592593
8,transductive,0.0,poisoned,0.711111111111111,0.711111111111111,0.7001137702132871,0.6148148148148148,0.05648148148148149
8,transductive,0.0,spectral_baseline,0.7083333333333334,0.7083333333333333,0.697127624364241,0.611111111111111,0.07037037037037037
8,transductive,0.1,clean,0.7738461538461539,0.7738461538461539,0.7724794522787314,0.6984615384615385,0.0
8,transductive,0.1,crcs,0.7676923076923077,0.7676923076923077,0.7670834547750207,0.6902564102564102,0.0882051282051282
8,transductive,0.1,poisoned,0.7284615384615385,0.7284615384615385,0.7225185063491396,0.6379487179487179,0.07179487179487179
8,transductive,0.1,spectral_baseline,0.72,0.72,0.7138756657460439,0.6266666666666666,0.07076923076923078
8,transductive,0.25,clean,0.8037037037037038,0.8037037037037038,0.8024294075851388,0.7382716049382716,0.0
8,transductive,0.25,crcs,0.7777777777777778,0.7777777777777778,0.7773026398983113,0.7037037037037037,0.09135802469135802
8,transductive,0.25,poisoned,0.7666666666666667,0.7666666666666667,0.7622502648311047,0.6888888888888889,0.050617283950617285
8,transductive,0.25,spectral_baseline,0.7564814814814815,0.7564814814814814,0.751774502411058,0.6753086419753086,0.05432098765432099
8,transductive,0.5,clean,0.8083333333333333,0.8083333333333333,0.8074334556913534,0.7444444444444445,0.0
8,transductive,0.5,crcs,0.8152777777777777,0.8152777777777779,0.8150748116283406,0.7537037037037038,0.1037037037037037
8,transductive,0.5,poisoned,0.7652777777777777,0.7652777777777777,0.7636271912479808,0.687037037037037,0.7796296296296297
8,transductive,0.5,spectral_baseline,0.7583333333333333,0.7583333333333333,0.7565575847803588,0.6777777777777778,0.7703703703703704
8,transductive,0.75,clean,0.8527777777777779,0.8527777777777779,0.8527715010574168,0.8037037037037038,0.007407407407407407
8,transductive,0.75,crcs,0.8555555555555555,0.8555555555555555,0.8557157838807108,0.8074074074074075,0.13703703703703704
8,transductive,0.75,poisoned,0.7916666666666666,0.7916666666666667,0.7899053498094452,0.7222222222222222,0.6222222222222222
8,transductive,0.75,spectral_baseline,0.7888888888888889,0.788888888888889,0.7857833153055502,0.7185185185185186,0.6
8,transductive,0.8,clean,0.8678571428571429,0.8678571428571429,0.8681007531431615,0.8238095238095238,0.0
8,transductive,0.8,crcs,0.8821428571428571,0.8821428571428571,0.8809650880574129,0.8428571428571429,0.1380952380952381
8,transductive,0.8,poisoned,0.7892857142857144,0.7892857142857144,0.7861751234301972,0.719047619047619,0.5761904761904761
8,transductive,0.8,spectral_baseline,0.7892857142857144,0.7892857142857144,0.7855904460108424,0.719047619047619,0.5619047619047619
9,inductive,0.0,clean,0.7708333333333334,0.7708333333333335,0.739159795371251,0.6944444444444444,0.0
9,inductive,0.0,crcs,0.7416666666666666,0.7416666666666667,0.7229042513674004,0.6555555555555556,0.04444444444444444
9,inductive,0.0,poisoned,0.7305555555555555,0.7305555555555555,0.7079998798204346,0.6407407407407407,0.08055555555555556
9,inductive,0.0,spectral_baseline,0.7305555555555555,0.7305555555555555,0.7079998798204346,0.6407407407407407,0.08055555555555556
9,inductive,0.1,clean,0.8153846153846154,0.8153846153846154,0.8132538788265883,0.7538461538461538,0.006153846153846154
9,inductive,0.1,crcs,0.8161538461538461,0.8161538461538461,0.8141473308381499,0.7548717948717949,0.003076923076923077
9,inductive,0.1,poisoned,0.8099999999999999,0.8099999999999999,0.8056770098102275,0.7466666666666667,0.048205128205128206
9,inductive,0.1,spectral_baseline,0.8099999999999999,0.8099999999999999,0.8056770098102275,0.7466666666666667,0.048205128205128206
9,inductive,0.25,clean,0.8351851851851851,0.8351851851851851,0.8335714738476694,0.7802469135802469,0.007407407407407407
9,inductive,0.25,crcs,0.837962962962963,0.837962962962963,0.8367378136549375,0.7839506172839507,0.0037037037037037034
9,inductive,0.25,poisoned,0.8490740740740741,0.8490740740740741,0.8451013068176764,0.7987654320987654,0.05802469135802468
9,inductive,0.25,spectral_baseline,0.8490740740740741,0.8490740740740741,0.8451013068176764,0.7987654320987654,0.05802469135802468
9,inductive,0.5,clean,0.8416666666666666,0.8416666666666668,0.840914218970466,0.788888888888889,0.01111111111111111
9,inductive,0.5,crcs,0.8472222222222221,0.8472222222222221,0.8464917108403516,0.7962962962962963,0.005555555555555555
9,inductive,0.5,poisoned,0.8652777777777778,0.8652777777777778,0.8613642860095834,0.8203703703703704,0.4814814814814815
9,inductive,0.5,spectral_baseline,0.8652777777777778,0.8652777777777778,0.8613642860095834,0.8203703703703704,0.4814814814814815
9,inductive,0.75,clean,0.8444444444444444,0.8444444444444444,0.8436634525676272,0.7925925925925925,0.007407407407407407
9,inductive,0.75,crcs,0.8444444444444444,0.8444444444444444,0.8430548316703815,0.7925925925925926,0.0037037037037037034
9,inductive,0.75,poisoned,0.8833333333333334,0.8833333333333334,0.8813574014753494,0.8444444444444444,0.35185185185185186
9,inductive,0.75,spectral_baseline,0.8833333333333334,0.8833333333333334,0.8813574014753494,0.8444444444444444,0.35185185185185186
9,inductive,0.8,clean,0.8607142857142858,0.8607142857142858,0.8592580396779507,0.8142857142857143,0.009523809523809523
9,inductive,0.8,crcs,0.8678571428571429,0.8678571428571429,0.8668149488019392,0.8238095238095239,0.0047619047619047615
9,inductive,0.8,poisoned,0.8785714285714287,0.8785714285714284,0.8755899529753812,0.8380952380952381,0.32857142857142857
9,inductive,0.8,spectral_baseline,0.8785714285714287,0.8785714285714284,0.8755899529753812,0.8380952380952381,0.32857142857142857
9,transductive,0.0,clean,0.8055555555555556,0.8055555555555556,0.8013616058526758,0.7407407407407407,0.0
9,transductive,0.0,crcs,0.7673611111111112,0.7673611111111112,0.7527299382043652,0.6898148148148149,0.05833333333333333
9,transductive,0.0,poisoned,0.7701388888888888,0.7701388888888889,0.7627855464364524,0.6935185185185185,0.07777777777777778
9,transductive,0.0,spectral_baseline,0.7701388888888888,0.7701388888888889,0.7627855464364524,0.6935185185185185,0.07777777777777778
9,transductive,0.1,clean,0.8215384615384614,0.8215384615384614,0.8184623502105548,0.762051282051282,0.005128205128205128
9,transductive,0.1,crcs,0.8146153846153845,0.8146153846153845,0.8111146613313593,0.7528205128205128,0.0041025641025641026
9,transductive,0.1,poisoned,0.8153846153846154,0.8153846153846154,0.8092515859917533,0.7538461538461538,0.06564102564102564
9,transductive,0.1,spectral_baseline,0.8153846153846154,0.8153846153846154,0.8092515859917533,0.7538461538461538,0.06564102564102564
9,transductive,0.25,clean,0.837962962962963,0.837962962962963,0.8363687556007807,0.7839506172839507,0.008641975308641974
9,transductive,0.25,crcs,0.8388888888888889,0.8388888888888889,0.8372977269026517,0.7851851851851852,0.0049382716049382715
9,transductive,0.25,poisoned,0.8527777777777779,0.8527777777777776,0.848981094934602,0.8037037037037036,0.05802469135802468
9,transductive,0.25,spectral_baseline,0.8527777777777779,0.8527777777777776,0.848981094934602,0.8037037037037036,0.05802469135802468
9,transductive,0.5,clean,0.8444444444444444,0.8444444444444444,0.8436311144216448,0.7925925925925925,0.012962962962962963
9,transductive,0.5,crcs,0.8402777777777779,0.8402777777777779,0.8396823343144716,0.787037037037037,0.005555555555555555
9,transductive,0.5,poisoned,0.8638888888888889,0.8638888888888889,0.8598999012352051,0.8185185185185185,0.49444444444444446
9,transductive,0.5,spectral_baseline,0.8638888888888889,0.8638888888888889,0.8598999012352051,0.8185185185185185,0.49444444444444446
9,transductive,0.75,clean,0.8444444444444444,0.8444444444444444,0.8436634525676272,0.7925925925925925,0.007407407407407407
9,transductive,0.75,crcs,0.8472222222222221,0.8472222222222221,0.8463069462637524,0.7962962962962964,0.0037037037037037034
9,transductive,0.75,poisoned,0.8833333333333334,0.8833333333333334,0.8813574014753494,0.8444444444444444,0.35185185185185186
9,transductive,0.75,spectral_baseline,0.8833333333333334,0.8833333333333334,0.8813574014753494,0.8444444444444444,0.35185185185185186
9,transductive,0.8,clean,0.8642857142857142,0.8642857142857142,0.8627629260596447,0.819047619047619,0.009523809523809523
9,transductive,0.8,crcs,0.8678571428571429,0.8678571428571429,0.8668149488019392,0.8238095238095239,0.0047619047619047615
9,transductive,0.8,poisoned,0.8821428571428571,0.8821428571428571,0.8788801166493047,0.8428571428571429,0.3380952380952381
9,transductive,0.8,spectral_baseline,0.8821428571428571,0.8821428571428571,0.8788801166493047,0.8428571428571429,0.3380952380952381
