alignment_mode,calibration_fraction,scenario,accuracy_mean,accuracy_std,accuracy_count,balanced_accuracy_mean,balanced_accuracy_std,balanced_accuracy_count,macro_f1_mean,macro_f1_std,macro_f1_count,kappa_mean,kappa_std,kappa_count,asr_mean,asr_std,asr_count
inductive,0.0,clean,0.6072530864197531,0.14251543399768005,45,0.6072530864197531,0.14251543399768007,45,0.5765217780652474,0.16361532215841645,45,0.4763374485596708,0.19002057866357328,45,0.0,0.0,45
inductive,0.0,crcs,0.5947530864197531,0.15009010717413254,45,0.5947530864197531,0.15009010717413254,45,0.5753868723260833,0.16446853467292508,45,0.4596707818930041,0.20012014289884336,45,0.11059670781893005,0.1097046498088772,45
inductive,0.0,poisoned,0.6022376543209876,0.14624152895401954,45,0.6022376543209877,0.1462415289540195,45,0.5822842366791267,0.16139906869656057,45,0.4696502057613169,0.19498870527202602,45,0.10987654320987655,0.09864677039766184,45
inductive,0.0,spectral_baseline,0.6006172839506173,0.1482234262659809,45,0.6006172839506173,0.14822342626598092,45,0.5812914959294205,0.16313004629133038,45,0.4674897119341564,0.19763123502130797,45,0.10915637860082304,0.0981819358934375,45
inductive,0.1,clean,0.6711111111111111,0.15534155703654384,45,0.6711111111111112,0.15534155703654384,45,0.6614688905808094,0.16441300876834838,45,0.5614814814814815,0.20712207604872518,45,0.0018233618233618233,0.0064826269583296665,45
inductive,0.1,crcs,0.6643589743589744,0.16241106309551376,45,0.6643589743589744,0.16241106309551376,45,0.6549500158894659,0.17179233677190137,45,0.5524786324786325,0.2165480841273517,45,0.11190883190883191,0.28099886063524954,45
inductive,0.1,poisoned,0.653931623931624,0.14972964898226535,45,0.653931623931624,0.14972964898226535,45,0.6465891028382428,0.15409999777928116,45,0.5385754985754986,0.19963953197635387,45,0.11658119658119658,0.13641936979915392,45
inductive,0.1,spectral_baseline,0.6523076923076923,0.1524067277087451,45,0.6523076923076924,0.15240672770874508,45,0.644557444658498,0.157928867628801,45,0.5364102564102564,0.20320897027832685,45,0.1299145299145299,0.15331688290266554,45
inductive,0.25,clean,0.6841563786008231,0.15737611372211524,45,0.6841563786008231,0.1573761137221152,45,0.6778064474062692,0.163492754066661,45,0.578875171467764,0.20983481829615364,45,0.0038408779149519887,0.020272735139636698,45
inductive,0.25,crcs,0.6745884773662552,0.1668495951263549,45,0.6745884773662552,0.1668495951263549,45,0.6689801457260747,0.1717202548169536,45,0.5661179698216736,0.22246612683513983,45,0.15486968449931413,0.3183485521202621,45
inductive,0.25,poisoned,0.6502057613168725,0.1772158197963862,45,0.6502057613168725,0.1772158197963862,45,0.6418879377515209,0.1857326979712046,45,0.5336076817558298,0.23628775972851487,45,0.5015089163237312,0.4521466665999535,45
inductive,0.25,spectral_baseline,0.6501028806584362,0.17227032453199523,45,0.6501028806584362,0.17227032453199523,45,0.6425143969820033,0.17876345662071905,45,0.5334705075445817,0.2296937660426603,45,0.5286694101508916,0.4516043099793261,45
inductive,0.5,clean,0.6995370370370371,0.1557997159403481,45,0.6995370370370371,0.1557997159403481,45,0.69539795517378,0.1603010014487605,45,0.5993827160493826,0.20773295458713076,45,0.0014403292181069957,0.003926165914637891,45
inductive,0.5,crcs,0.7023148148148148,0.1581194284317617,45,0.7023148148148148,0.15811942843176166,45,0.6978904525454279,0.1626841877351683,45,0.6030864197530864,0.21082590457568215,45,0.14958847736625516,0.2866767285906544,45
inductive,0.5,poisoned,0.678395061728395,0.15299157319200316,45,0.678395061728395,0.15299157319200316,45,0.6733061496370707,0.15593849624756279,45,0.5711934156378601,0.20398876425600423,45,0.8102880658436213,0.16667394089791376,45
inductive,0.5,spectral_baseline,0.6739197530864197,0.15779577386856528,45,0.6739197530864197,0.15779577386856525,45,0.6679139148540753,0.16262887776327148,45,0.5652263374485597,0.21039436515808702,45,0.8037037037037037,0.16372497462246427,45
inductive,0.75,clean,0.7203703703703703,0.15010284540118113,45,0.7203703703703703,0.15010284540118113,45,0.7161182456618675,0.15497249775589172,45,0.6271604938271604,0.20013712720157475,45,0.0024691358024691358,0.011578282063332928,45
inductive,0.75,crcs,0.7117283950617284,0.1660910608411334,45,0.7117283950617284,0.1660910608411334,45,0.7085865207958759,0.16876486251256068,45,0.6156378600823045,0.22145474778817792,45,0.11563786008230452,0.2518838968632085,45
inductive,0.75,poisoned,0.6978395061728395,0.15139860603705654,45,0.6978395061728395,0.15139860603705652,45,0.6934777687930891,0.15313938765065763,45,0.597119341563786,0.2018648080494086,45,0.723045267489712,0.2155983748544058,45
inductive,0.75,spectral_baseline,0.691358024691358,0.15482696233334087,45,0.691358024691358,0.15482696233334087,45,0.6866991802312321,0.15657000613895874,45,0.588477366255144,0.20643594977778779,45,0.7156378600823045,0.21722623200332744,45
inductive,0.8,clean,0.7329365079365079,0.1472515849568859,45,0.7329365079365079,0.1472515849568859,45,0.7285965020367219,0.1515570297325081,45,0.643915343915344,0.19633544660918123,45,0.001058201058201058,0.00496212088428554,45
inductive,0.8,crcs,0.730952380952381,0.15386750378118047,45,0.730952380952381,0.1538675037811805,45,0.7281304080917004,0.1555569285001343,45,0.6412698412698413,0.20515667170824065,45,0.1052910052910053,0.22941363197372652,45
inductive,0.8,poisoned,0.698015873015873,0.14987927183073188,45,0.698015873015873,0.1498792718307319,45,0.6933368128967033,0.15130200604167215,45,0.5973544973544973,0.19983902910764248,45,0.7005291005291004,0.22647446792964981,45
inductive,0.8,spectral_baseline,0.6992063492063493,0.15199830202265266,45,0.6992063492063493,0.1519983020226527,45,0.6944057183080473,0.15336738376767034,45,0.598941798941799,0.20266440269687025,45,0.6978835978835979,0.22535287053886566,45
transductive,0.0,clean,0.6604938271604938,0.1595108822367275,45,0.6604938271604938,0.15951088223672752,45,0.6441785905909045,0.17697912060090584,45,0.5473251028806584,0.21268117631563666,45,0.0,0.0,45
transductive,0.0,crcs,0.6290895061728395,0.14848901855850027,45,0.6290895061728395,0.14848901855850027,45,0.61723466282228,0.154486031272543,45,0.5054526748971193,0.1979853580780003,45,0.11625514403292182,0.14287974982298535,45
transductive,0.0,poisoned,0.6371141975308642,0.1505549204231802,45,0.6371141975308642,0.15055492042318017,45,0.6255158038021453,0.16023808427465785,45,0.5161522633744856,0.2007398938975736,45,0.13569958847736627,0.1650773638427219,45
transductive,0.0,spectral_baseline,0.6325617283950618,0.151519455197483,45,0.6325617283950618,0.151519455197483,45,0.6213089548505467,0.15980251186926483,45,0.510082304526749,0.2020259402633107,45,0.12211934156378601,0.14004947504840878,45
transductive,0.1,clean,0.6738461538461539,0.1569884513488566,45,0.6738461538461539,0.1569884513488566,45,0.6641106401160916,0.16630541903949575,45,0.565128205128205,0.20931793513180882,45,0.0017094017094017094,0.00637519549239037,45
transductive,0.1,crcs,0.6616239316239316,0.16811154227508004,45,0.6616239316239316,0.16811154227508004,45,0.652325264134688,0.1766974305533148,45,0.5488319088319089,0.22414872303344008,45,0.1634188034188034,0.3421194579489188,45
transductive,0.1,poisoned,0.6550427350427351,0.154589163447836,45,0.6550427350427351,0.15458916344783596,45,0.6473924758872662,0.1595281524238433,45,0.54005698005698,0.20611888459711472,45,0.12319088319088319,0.1334923244684711,45
transductive,0.1,spectral_baseline,0.6511111111111111,0.15440158090512557,45,0.6511111111111111,0.15440158090512557,45,0.6440294823325913,0.158239150668835,45,0.5348148148148149,0.2058687745401674,45,0.12216524216524216,0.1407744696478406,45
transductive,0.25,clean,0.686522633744856,0.15923999515903836,45,0.686522633744856,0.15923999515903836,45,0.6802870220016702,0.16535186790666948,45,0.5820301783264746,0.2123199935453844,45,0.0024691358024691358,0.0095266297880633,45
transductive,0.25,crcs,0.6771604938271605,0.16417065698242683,45,0.6771604938271605,0.16417065698242683,45,0.671414525512644,0.1692717606941859,45,0.5695473251028806,0.21889420930990247,45,0.15459533607681755,0.3204988388125336,45
transductive,0.25,poisoned,0.6497942386831276,0.1770056897066433,45,0.6497942386831276,0.1770056897066433,45,0.6407508121024625,0.1862586791477343,45,0.5330589849108368,0.23600758627552437,45,0.5385459533607682,0.4500579903861304,45
transductive,0.25,spectral_baseline,0.6459876543209876,0.17514501945567754,45,0.6459876543209876,0.17514501945567754,45,0.6382478198148882,0.18188161847561068,45,0.5279835390946502,0.23352669260757017,45,0.5539094650205761,0.45248984416011667,45
transductive,0.5,clean,0.7023148148148148,0.15403949846562762,45,0.7023148148148148,0.15403949846562762,45,0.6979744328553784,0.1589682592873685,45,0.6030864197530864,0.20538599795417012,45,0.0014403292181069957,0.004394516290446511,45
transductive,0.5,crcs,0.7020061728395062,0.15718241867846947,45,0.7020061728395062,0.1571824186784695,45,0.6976486635770768,0.1616600231935403,45,0.6026748971193415,0.20957655823795934,45,0.15041152263374485,0.2879124504748537,45
transductive,0.5,poisoned,0.6771604938271605,0.1541605682760621,45,0.6771604938271605,0.15416056827606206,45,0.6714560419871595,0.15780157393000724,45,0.5695473251028806,0.2055474243680828,45,0.8170781893004115,0.1627049193272972,45
transductive,0.5,spectral_baseline,0.6743827160493827,0.15550271794831397,45,0.6743827160493827,0.155502717948314,45,0.6684635133875511,0.1599737634849937,45,0.5658436213991769,0.20733695726441861,45,0.8131687242798354,0.1604878916281351,45
transductive,0.75,clean,0.7222222222222222,0.14903001942264305,45,0.7222222222222222,0.14903001942264305,45,0.7172942200025981,0.1550700802674439,45,0.6296296296296297,0.19870669256352402,45,0.0016460905349794238,0.006632702274788949,45
transductive,0.75,crcs,0.712962962962963,0.15893801776308944,45,0.712962962962963,0.15893801776308944,45,0.7096016236079795,0.16204065100854406,45,0.6172839506172839,0.21191735701745262,45,0.10946502057613168,0.2390455148534788,45
transductive,0.75,poisoned,0.6990740740740741,0.15130720157360628,45,0.6990740740740741,0.15130720157360628,45,0.6950283008674604,0.15268122619247104,45,0.5987654320987654,0.201742935431475,45,0.725514403292181,0.21676408961435775,45
transductive,0.75,spectral_baseline,0.6925925925925926,0.15773633685389457,45,0.6925925925925926,0.15773633685389457,45,0.687542123810333,0.1600079619815458,45,0.5901234567901235,0.2103151158051928,45,0.7164609053497942,0.21732188986194173,45
transductive,0.8,clean,0.730952380952381,0.1505825114825041,45,0.7309523809523809,0.1505825114825041,45,0.7267321632587073,0.15464303262285606,45,0.6412698412698413,0.2007766819766721,45,0.001058201058201058,0.00496212088428554,45
transductive,0.8,crcs,0.7293650793650793,0.1556728932103411,45,0.7293650793650793,0.15567289321034106,45,0.7264942478592195,0.15760059370008045,45,0.6391534391534391,0.20756385761378807,45,0.1074074074074074,0.23595478472911963,45
transductive,0.8,poisoned,0.6992063492063493,0.15142506598354855,45,0.6992063492063493,0.15142506598354855,45,0.6945576487499555,0.15272347992267446,45,0.598941798941799,0.20190008797806477,45,0.7042328042328042,0.22636066102173424,45
transductive,0.8,spectral_baseline,0.7,0.15312150946383196,45,0.7,0.15312150946383193,45,0.6954336171368685,0.1540386412071401,45,0.6,0.20416201261844258,45,0.7,0.2248708372022399,45
