subject,n_trials,n_channels,n_times,sfreq,sessions,classes,channel_names
1,576,22,1001,250.0,0train|1test,feet|left_hand|right_hand|tongue,Fz|FC3|FC1|FCz|FC2|FC4|C5|C3|C1|Cz|C2|C4|C6|CP3|CP1|CPz|CP2|CP4|P1|Pz|P2|POz
2,576,22,1001,250.0,0train|1test,feet|left_hand|right_hand|tongue,Fz|FC3|FC1|FCz|FC2|FC4|C5|C3|C1|Cz|C2|C4|C6|CP3|CP1|CPz|CP2|CP4|P1|Pz|P2|POz
3,576,22,1001,250.0,0train|1test,feet|left_hand|right_hand|tongue,Fz|FC3|FC1|FCz|FC2|FC4|C5|C3|C1|Cz|C2|C4|C6|CP3|CP1|CPz|CP2|CP4|P1|Pz|P2|POz
4,576,22,1001,250.0,0train|1test,feet|left_hand|right_hand|tongue,Fz|FC3|FC1|FCz|FC2|FC4|C5|C3|C1|Cz|C2|C4|C6|CP3|CP1|CPz|CP2|CP4|P1|Pz|P2|POz
5,576,22,1001,250.0,0train|1test,feet|left_hand|right_hand|tongue,Fz|FC3|FC1|FCz|FC2|FC4|C5|C3|C1|Cz|C2|C4|C6|CP3|CP1|CPz|CP2|CP4|P1|Pz|P2|POz
6,576,22,1001,250.0,0train|1test,feet|left_hand|right_hand|tongue,Fz|FC3|FC1|FCz|FC2|FC4|C5|C3|C1|Cz|C2|C4|C6|CP3|CP1|CPz|CP2|CP4|P1|Pz|P2|POz
7,576,22,1001,250.0,0train|1test,feet|left_hand|right_hand|tongue,Fz|FC3|FC1|FCz|FC2|FC4|C5|C3|C1|Cz|C2|C4|C6|CP3|CP1|CPz|CP2|CP4|P1|Pz|P2|POz
8,576,22,1001,250.0,0train|1test,feet|left_hand|right_hand|tongue,Fz|FC3|FC1|FCz|FC2|FC4|C5|C3|C1|Cz|C2|C4|C6|CP3|CP1|CPz|CP2|CP4|P1|Pz|P2|POz
9,576,22,1001,250.0,0train|1test,feet|left_hand|right_hand|tongue,Fz|FC3|FC1|FCz|FC2|FC4|C5|C3|C1|Cz|C2|C4|C6|CP3|CP1|CPz|CP2|CP4|P1|Pz|P2|POz
