subject,calibration_fraction,scenario,poison_rate,removal_budget,accuracy,balanced_accuracy,macro_f1,kappa,asr,defense_poison_recall,defense_removal_precision,defense_clean_false_removal_rate
3,0.25,crcs,0.05,0.05,0.8453703703703704,0.8453703703703702,0.8439397620144634,0.7938271604938272,0.42098765432098767,0.7142857142857142,0.7142857142857142,0.014598540145985378
3,0.25,crcs,0.05,0.1,0.8537037037037036,0.8537037037037036,0.852909968365528,0.8049382716049382,0.0839506172839506,0.9714285714285715,0.48571428571428577,0.052554744525547425
3,0.25,crcs,0.05,0.15,0.8546296296296296,0.8546296296296296,0.8536312322367113,0.8061728395061728,0.0,0.9857142857142858,0.32093023255813946,0.10656934306569339
3,0.25,crcs,0.05,0.2,0.8546296296296296,0.8546296296296296,0.8534516784825994,0.8061728395061728,0.0,1.0,0.24561403508771923,0.156934306569343
3,0.25,crcs,0.05,0.25,0.8537037037037036,0.8537037037037036,0.852247782657573,0.8049382716049382,0.0,1.0,0.1944444444444444,0.2116788321167883
3,0.25,crcs,0.1,0.05,0.8222222222222222,0.8222222222222222,0.8192605266762978,0.762962962962963,0.37037037037037035,0.29655172413793107,0.6142857142857142,0.02084942084942082
3,0.25,crcs,0.1,0.1,0.8240740740740741,0.8240740740740741,0.8212207622299564,0.7654320987654322,0.8086419753086419,0.6344827586206897,0.6571428571428571,0.037065637065637
3,0.25,crcs,0.1,0.15,0.8324074074074075,0.8324074074074075,0.8304499986111482,0.7765432098765432,0.39012345679012345,0.8275862068965518,0.5581395348837208,0.07335907335907332
3,0.25,crcs,0.1,0.2,0.8518518518518519,0.8518518518518519,0.8500888094947001,0.8024691358024691,0.36790123456790125,0.8965517241379309,0.45614035087719296,0.11969111969111965
3,0.25,crcs,0.1,0.25,0.8583333333333334,0.8583333333333334,0.856770813106792,0.8111111111111111,0.10617283950617284,0.9862068965517242,0.39722222222222225,0.16756756756756755
3,0.25,crcs,0.15,0.05,0.8138888888888889,0.8138888888888889,0.8124744852295427,0.7518518518518519,0.04074074074074072,0.1581395348837209,0.48571428571428565,0.02938775510204076
3,0.25,crcs,0.15,0.1,0.812037037037037,0.812037037037037,0.8092148113975777,0.7493827160493828,0.37654320987654316,0.37209302325581395,0.5714285714285714,0.04897959183673466
3,0.25,crcs,0.15,0.15,0.7962962962962963,0.7962962962962963,0.793483544258416,0.7283950617283951,0.8333333333333334,0.5953488372093023,0.5953488372093023,0.07102040816326524
3,0.25,crcs,0.15,0.2,0.8101851851851851,0.8101851851851851,0.8084573242601291,0.7469135802469136,0.4679012345679013,0.7395348837209302,0.5578947368421052,0.10285714285714283
3,0.25,crcs,0.15,0.25,0.836111111111111,0.836111111111111,0.8338175202973341,0.7814814814814814,0.35802469135802467,0.8511627906976745,0.5083333333333333,0.14448979591836736
3,0.25,crcs,0.2,0.05,0.8018518518518519,0.8018518518518519,0.7994843884398977,0.7358024691358025,0.06419753086419748,0.10689655172413788,0.4428571428571428,0.03391304347826084
3,0.25,crcs,0.2,0.1,0.749074074074074,0.749074074074074,0.7476997683998684,0.6654320987654321,0.5975308641975309,0.2586206896551724,0.5357142857142858,0.056521739130434734
3,0.25,crcs,0.2,0.15,0.7462962962962962,0.7462962962962962,0.7435884508176335,0.6617283950617284,0.9209876543209876,0.4068965517241379,0.5488372093023255,0.08434782608695648
3,0.25,crcs,0.2,0.2,0.7592592592592593,0.7592592592592593,0.756587435674618,0.6790123456790124,0.8753086419753086,0.5275862068965517,0.5368421052631579,0.11478260869565211
3,0.25,crcs,0.2,0.25,0.787037037037037,0.787037037037037,0.7852688179427268,0.7160493827160493,0.8061728395061728,0.6724137931034483,0.5416666666666667,0.1434782608695652
3,0.25,poisoned,0.05,,0.837962962962963,0.837962962962963,0.8367205031476415,0.7839506172839507,0.18888888888888883,,,
3,0.25,poisoned,0.1,,0.837037037037037,0.837037037037037,0.8352893419283431,0.7827160493827161,0.02839506172839502,,,
3,0.25,poisoned,0.15,,0.8175925925925925,0.8175925925925925,0.8152805133618983,0.7567901234567901,0.050617283950617244,,,
3,0.25,poisoned,0.2,,0.787037037037037,0.787037037037037,0.784150385136153,0.7160493827160493,0.07654320987654316,,,
3,0.5,crcs,0.05,0.05,0.8722222222222221,0.8722222222222221,0.8703813860136677,0.8296296296296296,0.5777777777777777,0.5857142857142856,0.5857142857142856,0.02116788321167882
3,0.5,crcs,0.05,0.1,0.8694444444444445,0.8694444444444445,0.8686175790960569,0.825925925925926,0.0,0.9857142857142858,0.4928571428571429,0.051824817518248155
3,0.5,crcs,0.05,0.15,0.8722222222222221,0.8722222222222221,0.8714786451057546,0.8296296296296296,0.0,0.9857142857142858,0.32093023255813946,0.10656934306569339
3,0.5,crcs,0.05,0.2,0.8708333333333333,0.8708333333333333,0.8700601609672386,0.8277777777777778,0.0,1.0,0.24561403508771923,0.156934306569343
3,0.5,crcs,0.05,0.25,0.875,0.875,0.874553009601529,0.8333333333333334,0.0,1.0,0.1944444444444444,0.2116788321167883
3,0.5,crcs,0.1,0.05,0.8430555555555556,0.8430555555555556,0.8402093462457888,0.7907407407407407,0.6685185185185185,0.23448275862068968,0.48571428571428565,0.02779922779922776
3,0.5,crcs,0.1,0.1,0.861111111111111,0.861111111111111,0.8588512812925476,0.8148148148148149,0.6037037037037037,0.5379310344827586,0.5571428571428572,0.04787644787644784
3,0.5,crcs,0.1,0.15,0.8666666666666666,0.8666666666666666,0.8648347678240157,0.8222222222222222,0.44074074074074077,0.8137931034482758,0.5488372093023256,0.07490347490347486
3,0.5,crcs,0.1,0.2,0.8694444444444445,0.8694444444444445,0.8677561053408267,0.825925925925926,0.47407407407407404,0.8965517241379312,0.4561403508771929,0.11969111969111965
3,0.5,crcs,0.1,0.25,0.8722222222222221,0.8722222222222221,0.8716685057703117,0.8296296296296296,0.09629629629629628,0.9655172413793103,0.3888888888888889,0.16988416988416982
3,0.5,crcs,0.15,0.05,0.8180555555555555,0.8180555555555555,0.8161663848658888,0.7574074074074074,0.7481481481481481,0.12093023255813948,0.3714285714285714,0.03591836734693874
3,0.5,crcs,0.15,0.1,0.8305555555555555,0.8305555555555555,0.8281844021840042,0.774074074074074,0.6907407407407408,0.31162790697674414,0.47857142857142854,0.059591836734693836
3,0.5,crcs,0.15,0.15,0.8486111111111111,0.8486111111111111,0.8463626117581734,0.7981481481481482,0.6333333333333334,0.5209302325581395,0.5209302325581395,0.0840816326530612
3,0.5,crcs,0.15,0.2,0.85,0.85,0.8477697488169337,0.8,0.5592592592592592,0.6511627906976745,0.4912280701754385,0.11836734693877546
3,0.5,crcs,0.15,0.25,0.8652777777777778,0.8652777777777778,0.8631311771379137,0.8203703703703704,0.4833333333333333,0.7906976744186046,0.4722222222222222,0.15510204081632648
3,0.5,crcs,0.2,0.05,0.7930555555555555,0.7930555555555555,0.7919911267374032,0.7240740740740741,0.825925925925926,0.07241379310344823,0.29999999999999993,0.04260869565217388
3,0.5,crcs,0.2,0.1,0.8013888888888889,0.8013888888888889,0.8006462921602464,0.7351851851851852,0.7944444444444445,0.18620689655172412,0.3857142857142857,0.07478260869565215
3,0.5,crcs,0.2,0.15,0.8125,0.8125,0.8111402616074918,0.75,0.737037037037037,0.3137931034482758,0.4232558139534883,0.1078260869565217
3,0.5,crcs,0.2,0.2,0.8222222222222222,0.8222222222222222,0.8204924906435307,0.762962962962963,0.6537037037037037,0.44482758620689655,0.4526315789473684,0.13565217391304343
3,0.5,crcs,0.2,0.25,0.8402777777777779,0.8402777777777779,0.8382032995322432,0.787037037037037,0.5703703703703704,0.5931034482758621,0.47777777777777775,0.1634782608695652
3,0.5,poisoned,0.05,,0.8652777777777778,0.8652777777777778,0.8628370793495318,0.8203703703703704,0.6314814814814815,,,
3,0.5,poisoned,0.1,,0.8333333333333334,0.8333333333333334,0.8301930904433666,0.7777777777777778,0.7333333333333333,,,
3,0.5,poisoned,0.15,,0.8097222222222221,0.8097222222222223,0.8072295134381251,0.7462962962962962,0.8092592592592591,,,
3,0.5,poisoned,0.2,,0.7777777777777778,0.7777777777777779,0.7760225684577551,0.7037037037037037,0.8814814814814815,,,
3,0.8,crcs,0.05,0.05,0.8821428571428571,0.8821428571428571,0.8800729643252737,0.8428571428571429,0.30476190476190473,0.8142857142857143,0.8142857142857143,0.009489051094890458
3,0.8,crcs,0.05,0.1,0.8892857142857142,0.8892857142857142,0.8869746716478895,0.8523809523809524,0.14285714285714285,0.9571428571428571,0.47857142857142854,0.053284671532846696
3,0.8,crcs,0.05,0.15,0.8928571428571429,0.8928571428571429,0.8907341223436885,0.8571428571428571,0.0,1.0,0.3255813953488372,0.10583941605839411
3,0.8,crcs,0.05,0.2,0.8821428571428571,0.8821428571428571,0.8798292739683173,0.8428571428571429,0.0,1.0,0.24561403508771923,0.156934306569343
3,0.8,crcs,0.05,0.25,0.8857142857142858,0.8857142857142858,0.8837702050349436,0.8476190476190476,0.0,1.0,0.1944444444444444,0.2116788321167883
3,0.8,crcs,0.1,0.05,0.8571428571428571,0.8571428571428571,0.854746799002917,0.8095238095238095,0.48571428571428565,0.35172413793103446,0.7285714285714285,0.01467181467181464
3,0.8,crcs,0.1,0.1,0.8714285714285713,0.8714285714285713,0.869042972950092,0.8285714285714286,0.47619047619047616,0.6965517241379311,0.7214285714285714,0.030115830115830078
3,0.8,crcs,0.1,0.15,0.8785714285714284,0.8785714285714284,0.8771336034245667,0.8380952380952381,0.20476190476190476,0.8965517241379309,0.6046511627906976,0.06563706563706559
3,0.8,crcs,0.1,0.2,0.8892857142857142,0.8892857142857142,0.8876792275412966,0.8523809523809524,0.09047619047619047,0.9517241379310345,0.4842105263157895,0.11351351351351349
3,0.8,crcs,0.1,0.25,0.8928571428571429,0.8928571428571429,0.8912959092158201,0.8571428571428571,0.0857142857142857,0.9586206896551724,0.3861111111111111,0.17065637065637063
3,0.8,crcs,0.15,0.05,0.85,0.85,0.8472770592609302,0.8,0.5619047619047619,0.19999999999999996,0.6142857142857142,0.022040816326530578
3,0.8,crcs,0.15,0.1,0.85,0.85,0.8474009668183751,0.8,0.5095238095238095,0.4604651162790697,0.7071428571428571,0.033469387755102
3,0.8,crcs,0.15,0.15,0.8642857142857142,0.8642857142857142,0.8615619451096068,0.819047619047619,0.43809523809523804,0.6883720930232557,0.6883720930232557,0.054693877551020356
3,0.8,crcs,0.15,0.2,0.8714285714285716,0.8714285714285716,0.8699139060019204,0.8285714285714286,0.319047619047619,0.8232558139534882,0.6210526315789473,0.08816326530612242
3,0.8,crcs,0.15,0.25,0.8857142857142858,0.8857142857142858,0.8840126731506042,0.8476190476190476,0.19523809523809518,0.8930232558139535,0.5333333333333333,0.1371428571428571
3,0.8,crcs,0.2,0.05,0.825,0.825,0.8233726460313788,0.7666666666666666,0.6904761904761905,0.13103448275862067,0.5428571428571429,0.027826086956521678
3,0.8,crcs,0.2,0.1,0.8392857142857142,0.8392857142857142,0.8368705458755784,0.7857142857142858,0.6142857142857142,0.296551724137931,0.6142857142857143,0.046956521739130404
3,0.8,crcs,0.2,0.15,0.8571428571428571,0.8571428571428571,0.8551622803925362,0.8095238095238095,0.5571428571428572,0.45517241379310347,0.6139534883720931,0.07217391304347823
3,0.8,crcs,0.2,0.2,0.8642857142857142,0.8642857142857142,0.862401891356285,0.819047619047619,0.5047619047619047,0.6103448275862069,0.6210526315789473,0.09391304347826084
3,0.8,crcs,0.2,0.25,0.8607142857142858,0.8607142857142858,0.8579162094137066,0.8142857142857143,0.4333333333333333,0.7482758620689655,0.6027777777777779,0.12434782608695652
3,0.8,poisoned,0.05,,0.8821428571428571,0.8821428571428571,0.8803744388981609,0.8428571428571429,0.47142857142857136,,,
3,0.8,poisoned,0.1,,0.85,0.85,0.8471835911379848,0.8,0.5523809523809524,,,
3,0.8,poisoned,0.15,,0.8357142857142857,0.8357142857142857,0.8333665305282952,0.780952380952381,0.6333333333333334,,,
3,0.8,poisoned,0.2,,0.8214285714285715,0.8214285714285714,0.8196221013690694,0.7619047619047619,0.7047619047619047,,,
6,0.25,crcs,0.05,0.05,0.4648148148148148,0.4648148148148148,0.4582659492097408,0.28641975308641976,0.6777777777777777,0.6285714285714286,0.6285714285714286,0.018978102189781
6,0.25,crcs,0.05,0.1,0.48611111111111105,0.48611111111111105,0.4825886909476921,0.31481481481481477,0.44074074074074077,0.7714285714285715,0.3857142857142857,0.0627737226277372
6,0.25,crcs,0.05,0.15,0.4842592592592593,0.4842592592592593,0.47953462385979934,0.31234567901234567,0.34938271604938265,0.8571428571428571,0.2790697674418604,0.1131386861313868
6,0.25,crcs,0.05,0.2,0.48611111111111105,0.48611111111111105,0.4805876205358963,0.31481481481481477,0.39382716049382716,0.9142857142857143,0.22456140350877182,0.16131386861313865
6,0.25,crcs,0.05,0.25,0.4888888888888888,0.4888888888888888,0.4842820013909931,0.31851851851851853,0.3802469135802469,0.9285714285714286,0.18055555555555552,0.21532846715328463
6,0.25,crcs,0.1,0.05,0.4305555555555555,0.4305555555555555,0.41576178553140447,0.2407407407407407,0.9950617283950617,0.27586206896551724,0.5714285714285714,0.02316602316602314
6,0.25,crcs,0.1,0.1,0.4546296296296296,0.4546296296296296,0.4441619184935212,0.2728395061728394,0.9506172839506174,0.5172413793103449,0.5357142857142857,0.050193050193050114
6,0.25,crcs,0.1,0.15,0.44907407407407407,0.44907407407407407,0.43860340116150665,0.26543209876543206,0.9790123456790123,0.6206896551724139,0.4186046511627907,0.0965250965250965
6,0.25,crcs,0.1,0.2,0.46018518518518514,0.46018518518518514,0.44802154748238127,0.2802469135802469,0.9395061728395062,0.689655172413793,0.35087719298245607,0.14285714285714282
6,0.25,crcs,0.1,0.25,0.4666666666666666,0.4666666666666666,0.45806146410642834,0.28888888888888886,0.8802469135802469,0.7586206896551724,0.3055555555555555,0.193050193050193
6,0.25,crcs,0.15,0.05,0.39444444444444443,0.39444444444444443,0.3665772037500302,0.19259259259259257,0.9987654320987656,0.15813953488372087,0.48571428571428565,0.02938775510204078
6,0.25,crcs,0.15,0.1,0.41759259259259257,0.41759259259259257,0.3995070579942913,0.22345679012345676,0.991358024691358,0.31162790697674414,0.47857142857142854,0.059591836734693815
6,0.25,crcs,0.15,0.15,0.4148148148148148,0.4148148148148148,0.396369811350998,0.21975308641975308,0.9679012345679012,0.43720930232558136,0.43720930232558136,0.09877551020408161
6,0.25,crcs,0.15,0.2,0.4305555555555555,0.4305555555555555,0.41237052601702173,0.24074074074074076,0.9283950617283951,0.49302325581395345,0.37192982456140344,0.1461224489795918
6,0.25,crcs,0.15,0.25,0.44074074074074077,0.44074074074074066,0.4220220951034467,0.254320987654321,0.94320987654321,0.5534883720930233,0.33055555555555555,0.196734693877551
6,0.25,crcs,0.2,0.05,0.3546296296296296,0.3546296296296296,0.31241776939535004,0.13950617283950614,0.9987654320987656,0.10344827586206895,0.42857142857142855,0.03478260869565214
6,0.25,crcs,0.2,0.1,0.3592592592592593,0.3592592592592592,0.3189647705450742,0.14567901234567898,0.9975308641975309,0.19999999999999998,0.41428571428571426,0.07130434782608693
6,0.25,crcs,0.2,0.15,0.37777777777777777,0.3777777777777777,0.34175549829383517,0.17037037037037037,0.9901234567901234,0.2931034482758621,0.3953488372093023,0.11304347826086951
6,0.25,crcs,0.2,0.2,0.3842592592592592,0.3842592592592592,0.35555340754434017,0.17901234567901228,0.9358024691358026,0.37241379310344824,0.3789473684210526,0.15391304347826082
6,0.25,crcs,0.2,0.25,0.3953703703703703,0.3953703703703703,0.36579809404175867,0.19382716049382714,0.9234567901234568,0.4344827586206897,0.35,0.2034782608695652
6,0.25,poisoned,0.05,,0.4518518518518519,0.45185185185185184,0.43920813665870967,0.26913580246913577,0.9913580246913579,,,
6,0.25,poisoned,0.1,,0.4212962962962963,0.4212962962962963,0.4026028898419394,0.22839506172839505,0.9987654320987656,,,
6,0.25,poisoned,0.15,,0.3916666666666666,0.3916666666666666,0.3625344476511227,0.18888888888888883,1.0,,,
6,0.25,poisoned,0.2,,0.3472222222222222,0.3472222222222222,0.3017930391507321,0.1296296296296296,1.0,,,
6,0.5,crcs,0.05,0.05,0.5,0.5,0.4973073164881824,0.3333333333333333,0.737037037037037,0.6714285714285715,0.6714285714285715,0.01678832116788318
6,0.5,crcs,0.05,0.1,0.5125,0.5125,0.5117484088556445,0.35,0.1388888888888889,0.9571428571428571,0.47857142857142854,0.053284671532846696
6,0.5,crcs,0.05,0.15,0.525,0.525,0.5224079617657154,0.3666666666666666,0.0,1.0,0.3255813953488372,0.10583941605839411
6,0.5,crcs,0.05,0.2,0.5041666666666667,0.5041666666666667,0.5013315650099162,0.33888888888888885,0.0,1.0,0.24561403508771923,0.156934306569343
6,0.5,crcs,0.05,0.25,0.5222222222222223,0.5222222222222223,0.5198731912287526,0.36296296296296293,0.0,1.0,0.1944444444444444,0.2116788321167883
6,0.5,crcs,0.1,0.05,0.475,0.475,0.46699710715645926,0.29999999999999993,0.9722222222222221,0.3448275862068965,0.7142857142857142,0.015444015444015418
6,0.5,crcs,0.1,0.1,0.4847222222222222,0.4847222222222222,0.4797486021941613,0.31296296296296294,0.8407407407407407,0.6068965517241379,0.6285714285714286,0.04015444015444012
6,0.5,crcs,0.1,0.15,0.4930555555555555,0.4930555555555555,0.490332556526256,0.32407407407407407,0.7666666666666666,0.7310344827586207,0.49302325581395345,0.08416988416988413
6,0.5,crcs,0.1,0.2,0.5,0.5,0.49508233567527143,0.3333333333333333,0.7555555555555555,0.7862068965517242,0.39999999999999997,0.132046332046332
6,0.5,crcs,0.1,0.25,0.5027777777777778,0.5027777777777778,0.4969662318763512,0.33703703703703697,0.6314814814814815,0.8413793103448276,0.3388888888888889,0.18378378378378377
6,0.5,crcs,0.15,0.05,0.4416666666666667,0.4416666666666666,0.42370691871298893,0.25555555555555554,0.9833333333333334,0.1767441860465116,0.5428571428571428,0.026122448979591817
6,0.5,crcs,0.15,0.1,0.46111111111111114,0.4611111111111111,0.45109030376165177,0.2814814814814815,0.9462962962962964,0.36279069767441857,0.5571428571428572,0.05061224489795914
6,0.5,crcs,0.15,0.15,0.4652777777777778,0.4652777777777778,0.4538317042880263,0.28703703703703703,0.8703703703703705,0.5395348837209303,0.5395348837209303,0.08081632653061221
6,0.5,crcs,0.15,0.2,0.4736111111111111,0.4736111111111111,0.4649166072342772,0.29814814814814816,0.8388888888888889,0.6232558139534884,0.4701754385964912,0.12326530612244893
6,0.5,crcs,0.15,0.25,0.48888888888888893,0.48888888888888893,0.4827320303386392,0.3185185185185185,0.787037037037037,0.6883720930232557,0.4111111111111111,0.17306122448979588
6,0.5,crcs,0.2,0.05,0.4138888888888889,0.41388888888888886,0.3936134507003347,0.2185185185185185,0.9907407407407408,0.1275862068965517,0.5285714285714286,0.02869565217391302
6,0.5,crcs,0.2,0.1,0.4222222222222222,0.42222222222222217,0.40426014356080897,0.22962962962962963,0.9814814814814815,0.24137931034482757,0.5,0.060869565217391244
6,0.5,crcs,0.2,0.15,0.43611111111111106,0.43611111111111106,0.42126196475803424,0.24814814814814815,0.951851851851852,0.3275862068965517,0.4418604651162791,0.10434782608695645
6,0.5,crcs,0.2,0.2,0.4444444444444445,0.4444444444444445,0.43155316246519904,0.25925925925925924,0.9222222222222222,0.40344827586206894,0.41052631578947363,0.14608695652173906
6,0.5,crcs,0.2,0.25,0.44722222222222224,0.44722222222222224,0.43495065955221446,0.26296296296296295,0.875925925925926,0.4793103448275861,0.38611111111111107,0.19217391304347822
6,0.5,poisoned,0.05,,0.49444444444444446,0.49444444444444446,0.4885778173427373,0.3259259259259259,0.9537037037037036,,,
6,0.5,poisoned,0.1,,0.475,0.475,0.46387948896444664,0.3,0.9962962962962963,,,
6,0.5,poisoned,0.15,,0.4444444444444445,0.4444444444444445,0.42696502569327965,0.25925925925925924,0.9944444444444445,,,
6,0.5,poisoned,0.2,,0.3902777777777778,0.3902777777777778,0.3622901435384128,0.18703703703703697,0.9962962962962963,,,
6,0.8,crcs,0.05,0.05,0.55,0.55,0.5484950162150973,0.39999999999999997,0.7904761904761906,0.7714285714285715,0.7714285714285715,0.0116788321167883
6,0.8,crcs,0.05,0.1,0.55,0.55,0.5459191367381022,0.39999999999999997,0.17619047619047618,0.9857142857142858,0.4928571428571429,0.051824817518248155
6,0.8,crcs,0.05,0.15,0.5607142857142857,0.5607142857142857,0.5572190636630292,0.41428571428571426,0.0,1.0,0.3255813953488372,0.10583941605839411
6,0.8,crcs,0.05,0.2,0.5428571428571429,0.5428571428571429,0.5399651026821187,0.3904761904761904,0.0,1.0,0.24561403508771923,0.156934306569343
6,0.8,crcs,0.05,0.25,0.5357142857142857,0.5357142857142858,0.530533077617154,0.3809523809523809,0.0,1.0,0.1944444444444444,0.2116788321167883
6,0.8,crcs,0.1,0.05,0.5107142857142857,0.5107142857142857,0.5068479946014561,0.34761904761904755,0.8904761904761905,0.3586206896551724,0.7428571428571429,0.01389961389961386
6,0.8,crcs,0.1,0.1,0.5285714285714286,0.5285714285714286,0.5223666453555884,0.3714285714285714,0.7714285714285715,0.6482758620689655,0.6714285714285715,0.035521235521235484
6,0.8,crcs,0.1,0.15,0.5428571428571429,0.5428571428571429,0.5371113902319409,0.3904761904761904,0.7571428571428571,0.7517241379310345,0.5069767441860465,0.0818532818532818
6,0.8,crcs,0.1,0.2,0.5214285714285715,0.5214285714285714,0.5166487778323919,0.36190476190476184,0.7285714285714285,0.8068965517241379,0.41052631578947363,0.12972972972972968
6,0.8,crcs,0.1,0.25,0.525,0.525,0.5213548574729657,0.3666666666666666,0.5476190476190477,0.8620689655172414,0.3472222222222222,0.1814671814671814
6,0.8,crcs,0.15,0.05,0.5107142857142857,0.5107142857142857,0.5043731823972377,0.3476190476190476,0.9571428571428571,0.20930232558139528,0.6428571428571428,0.0204081632653061
6,0.8,crcs,0.15,0.1,0.5035714285714286,0.5035714285714286,0.4947809891352625,0.33809523809523806,0.880952380952381,0.3953488372093023,0.6071428571428571,0.04489795918367342
6,0.8,crcs,0.15,0.15,0.5071428571428571,0.5071428571428571,0.5017500664358284,0.34285714285714286,0.780952380952381,0.5581395348837208,0.5581395348837208,0.07755102040816322
6,0.8,crcs,0.15,0.2,0.5107142857142857,0.5107142857142857,0.5052055265665372,0.3476190476190476,0.7333333333333334,0.6604651162790698,0.49824561403508766,0.116734693877551
6,0.8,crcs,0.15,0.25,0.5285714285714286,0.5285714285714286,0.5243603228192698,0.37142857142857133,0.7,0.6930232558139535,0.4138888888888889,0.17224489795918366
6,0.8,crcs,0.2,0.05,0.4714285714285714,0.4714285714285714,0.46530400999966215,0.2952380952380952,0.9571428571428571,0.13448275862068962,0.5571428571428572,0.026956521739130424
6,0.8,crcs,0.2,0.1,0.46785714285714286,0.46785714285714286,0.4578481803070183,0.29047619047619044,0.9238095238095237,0.2586206896551724,0.5357142857142857,0.056521739130434734
6,0.8,crcs,0.2,0.15,0.5178571428571429,0.5178571428571429,0.5148212525169047,0.3571428571428571,0.8476190476190476,0.3517241379310344,0.47441860465116276,0.09826086956521736
6,0.8,crcs,0.2,0.2,0.5321428571428571,0.5321428571428571,0.5303718595297543,0.37619047619047613,0.8714285714285713,0.4206896551724138,0.4280701754385964,0.1417391304347826
6,0.8,crcs,0.2,0.25,0.5357142857142858,0.5357142857142858,0.5293929324207962,0.3809523809523809,0.8476190476190476,0.4724137931034482,0.38055555555555554,0.19391304347826083
6,0.8,poisoned,0.05,,0.525,0.525,0.5211144214208729,0.3666666666666666,0.8952380952380953,,,
6,0.8,poisoned,0.1,,0.4928571428571429,0.4928571428571429,0.4873540836668421,0.32380952380952377,0.9761904761904763,,,
6,0.8,poisoned,0.15,,0.5285714285714287,0.5285714285714286,0.5202773567785008,0.3714285714285714,0.9904761904761905,,,
6,0.8,poisoned,0.2,,0.4892857142857142,0.4892857142857142,0.4845917676885768,0.319047619047619,0.9904761904761905,,,
