calibration_fraction,poison_rate,scenario_a,scenario_b,metric,removal_budget_b,n_subjects,mean_a,mean_b,mean_difference_b_minus_a,median_difference_b_minus_a,subjects_improved_b,wilcoxon_stat,p_raw,p_holm_family,rank_biserial_b_minus_a
0.25,0.05,poisoned,crcs,asr,0.15,9,0.6513031550068588,0.03923182441700959,-0.6120713305898491,-0.8493827160493828,9,0.0,0.00390625,0.046875,-1.0
0.25,0.1,poisoned,crcs,asr,0.15,9,0.4829903978052126,0.1699588477366255,-0.31303155006858707,-0.0592592592592592,8,6.0,0.0546875,0.2734375,-0.7333333333333333
0.25,0.15,poisoned,crcs,asr,0.15,9,0.4943758573388203,0.3513031550068587,-0.14307270233196157,-0.032098765432098775,5,16.0,0.49609375,0.49609375,-0.28888888888888886
0.25,0.2,poisoned,crcs,asr,0.15,9,0.6310013717421125,0.8005486968449931,0.16954732510288067,0.03456790123456788,2,6.0,0.0546875,0.2734375,0.7333333333333333
0.5,0.05,poisoned,crcs,asr,0.15,9,0.7627572016460904,0.00020576131687242798,-0.7625514403292181,-0.7962962962962963,9,0.0,0.00390625,0.046875,-1.0
0.5,0.1,poisoned,crcs,asr,0.15,9,0.7862139917695473,0.13621399176954732,-0.6499999999999999,-0.7111111111111111,9,0.0,0.00390625,0.046875,-1.0
0.5,0.15,poisoned,crcs,asr,0.15,9,0.8096707818930042,0.22181069958847738,-0.5878600823045267,-0.6888888888888889,9,0.0,0.00390625,0.046875,-1.0
0.5,0.2,poisoned,crcs,asr,0.15,9,0.8405349794238685,0.7386831275720165,-0.10185185185185187,-0.11111111111111116,7,7.0,0.07421875,0.2734375,-0.6888888888888889
0.8,0.05,poisoned,crcs,asr,0.15,9,0.665079365079365,0.007407407407407408,-0.6576719576719576,-0.6619047619047619,9,0.0,0.00390625,0.046875,-1.0
0.8,0.1,poisoned,crcs,asr,0.15,9,0.6862433862433863,0.10687830687830686,-0.5793650793650794,-0.5333333333333333,9,0.0,0.00390625,0.046875,-1.0
0.8,0.15,poisoned,crcs,asr,0.15,9,0.7132275132275133,0.1529100529100529,-0.5603174603174604,-0.5428571428571429,9,0.0,0.00390625,0.046875,-1.0
0.8,0.2,poisoned,crcs,asr,0.15,9,0.7582010582010583,0.6216931216931216,-0.13650793650793655,-0.14761904761904754,6,6.0,0.0546875,0.2734375,-0.7333333333333333
