calibration_fraction,poison_rate,removal_budget,crcs_asr,crcs_accuracy,poisoned_asr,poisoned_accuracy,clean_accuracy,asr_absolute_reduction_pp,asr_relative_reduction_pct,clean_accuracy_cost_pp
0.25,0.05,0.05,0.17434842249657065,0.6782921810699588,0.6513031550068588,0.6651234567901235,0.6841563786008231,47.69547325102881,73.23083403538331,0.5864197530864312
0.25,0.05,0.1,0.05898491083676268,0.6828189300411522,0.6513031550068588,0.6651234567901235,0.6841563786008231,59.231824417009605,90.9435551811289,0.1337448559670884
0.25,0.05,0.15,0.0392318244170096,0.6810699588477367,0.6513031550068588,0.6651234567901235,0.6841563786008231,61.20713305898492,93.9764111204718,0.30864197530864335
0.25,0.05,0.2,0.044032921810699586,0.6811728395061729,0.6513031550068588,0.6651234567901235,0.6841563786008231,60.72702331961592,93.23925863521482,0.29835390946502116
0.25,0.05,0.25,0.04279835390946502,0.6763374485596707,0.6513031550068588,0.6651234567901235,0.6841563786008231,60.850480109739365,93.42881213142374,0.7818930041152417
0.25,0.1,0.05,0.6698216735253772,0.6602880658436214,0.4829903978052126,0.6610082304526749,0.6841563786008231,-18.683127572016467,-38.68219255893214,2.3868312757201693
0.25,0.1,0.1,0.7673525377229081,0.6763374485596707,0.4829903978052126,0.6610082304526749,0.6841563786008231,-28.436213991769556,-58.87531951150244,0.7818930041152417
0.25,0.1,0.15,0.1699588477366255,0.6777777777777778,0.4829903978052126,0.6610082304526749,0.6841563786008231,31.303155006858706,64.81113320079523,0.6378600823045311
0.25,0.1,0.2,0.145679012345679,0.6814814814814815,0.4829903978052126,0.6610082304526749,0.6841563786008231,33.73113854595336,69.8381141721102,0.2674897119341657
0.25,0.1,0.25,0.10987654320987655,0.6781893004115227,0.4829903978052126,0.6610082304526749,0.6841563786008231,37.311385459533604,77.250781028117,0.5967078189300423
0.25,0.15,0.05,0.6024691358024691,0.6432098765432098,0.4943758573388202,0.6410493827160494,0.6841563786008231,-10.809327846364885,-21.864594894561606,4.094650205761329
0.25,0.15,0.1,0.6920438957475994,0.6563786008230453,0.4943758573388202,0.6410493827160494,0.6841563786008231,-19.766803840877916,-39.98335183129856,2.777777777777779
0.25,0.15,0.15,0.3513031550068587,0.6692386831275721,0.4943758573388202,0.6410493827160494,0.6841563786008231,14.307270233196151,28.940066592674793,1.4917695473251058
0.25,0.15,0.2,0.15582990397805213,0.672633744855967,0.4943758573388202,0.6410493827160494,0.6841563786008231,33.85459533607681,68.47946725860156,1.152263374485607
0.25,0.15,0.25,0.14499314128943758,0.6766460905349794,0.4943758573388202,0.6410493827160494,0.6841563786008231,34.938271604938265,70.67147613762486,0.7510288065843751
0.25,0.2,0.05,0.629355281207133,0.6152263374485596,0.6310013717421125,0.5931069958847737,0.6841563786008231,0.16460905349794386,0.26086956521739363,6.893004115226353
0.25,0.2,0.1,0.7064471879286695,0.6223251028806585,0.6310013717421125,0.5931069958847737,0.6841563786008231,-7.544581618655699,-11.956521739130446,6.183127572016467
0.25,0.2,0.15,0.8005486968449931,0.637962962962963,0.6310013717421125,0.5931069958847737,0.6841563786008231,-16.95473251028806,-26.869565217391298,4.619341563786017
0.25,0.2,0.2,0.6928669410150892,0.6551440329218107,0.6310013717421125,0.5931069958847737,0.6841563786008231,-6.186556927297671,-9.804347826086962,2.9012345679012452
0.25,0.2,0.25,0.25486968449931413,0.668724279835391,0.6310013717421125,0.5931069958847737,0.6841563786008231,37.61316872427983,59.60869565217391,1.5432098765432167
0.5,0.05,0.05,0.17613168724279835,0.7013888888888888,0.7627572016460906,0.6888888888888889,0.6995370370370371,58.662551440329224,76.90855138926355,-0.18518518518517713
0.5,0.05,0.1,0.01748971193415638,0.7060185185185185,0.7627572016460906,0.6888888888888889,0.6995370370370371,74.52674897119343,97.70704073374696,-0.6481481481481421
0.5,0.05,0.15,0.00020576131687242798,0.7044753086419753,0.7627572016460906,0.6888888888888889,0.6995370370370371,76.25514403292182,99.97302400863232,-0.49382716049382047
0.5,0.05,0.2,0.0008230452674897102,0.7007716049382716,0.7627572016460906,0.6888888888888889,0.6995370370370371,76.1934156378601,99.89209603452927,-0.12345679012345512
0.5,0.05,0.25,0.016872427983539096,0.7006172839506173,0.7627572016460906,0.6888888888888889,0.6995370370370371,74.58847736625516,97.78796870785003,-0.10802469135802184
0.5,0.1,0.05,0.7609053497942386,0.6828703703703703,0.7862139917695474,0.6658950617283951,0.6995370370370371,2.53086419753088,3.219052604030378,1.6666666666666718
0.5,0.1,0.1,0.6337448559670782,0.6949074074074074,0.7862139917695474,0.6658950617283951,0.6995370370370371,15.246913580246924,19.392829102329245,0.462962962962965
0.5,0.1,0.15,0.13621399176954732,0.7006172839506173,0.7862139917695474,0.6658950617283951,0.6995370370370371,65.00000000000001,82.67469248887727,-0.10802469135802184
0.5,0.1,0.2,0.13724279835390946,0.6987654320987654,0.7862139917695474,0.6658950617283951,0.6995370370370371,64.8971193415638,82.54383669196545,0.07716049382716639
0.5,0.1,0.25,0.08641975308641975,0.7024691358024692,0.7862139917695474,0.6658950617283951,0.6995370370370371,69.97942386831278,89.00811305940854,-0.29320987654321007
0.5,0.15,0.05,0.7868312757201645,0.6649691358024691,0.8096707818930041,0.6475308641975309,0.6995370370370371,2.2839506172839585,2.820838627700137,3.456790123456799
0.5,0.15,0.1,0.7370370370370369,0.6787037037037037,0.8096707818930041,0.6475308641975309,0.6995370370370371,7.263374485596719,8.970775095298617,2.083333333333337
0.5,0.15,0.15,0.22181069958847735,0.6972222222222222,0.8096707818930041,0.6475308641975309,0.6995370370370371,58.78600823045268,72.60482846251588,0.23148148148148806
0.5,0.15,0.2,0.16090534979423868,0.6952160493827161,0.8096707818930041,0.6475308641975309,0.6995370370370371,64.87654320987654,80.12706480304955,0.43209876543209846
0.5,0.15,0.25,0.15123456790123457,0.6986111111111111,0.8096707818930041,0.6475308641975309,0.6995370370370371,65.84362139917695,81.32147395171538,0.09259259259259967
0.5,0.2,0.05,0.8168724279835391,0.641358024691358,0.8405349794238683,0.6234567901234568,0.6995370370370371,2.366255144032925,2.815177478580175,5.817901234567902
0.5,0.2,0.1,0.7905349794238684,0.6560185185185184,0.8405349794238683,0.6234567901234568,0.6995370370370371,4.999999999999993,5.948592411260702,4.351851851851862
0.5,0.2,0.15,0.7386831275720165,0.6743827160493827,0.8405349794238683,0.6234567901234568,0.6995370370370371,10.185185185185187,12.117503059975522,2.5154320987654355
0.5,0.2,0.2,0.5987654320987654,0.6878086419753087,0.8405349794238683,0.6234567901234568,0.6995370370370371,24.176954732510293,28.763769889840887,1.1728395061728403
0.5,0.2,0.25,0.1860082304526749,0.691358024691358,0.8405349794238683,0.6234567901234568,0.6995370370370371,65.45267489711935,77.8702570379437,0.8179012345679082
0.8,0.05,0.05,0.13333333333333333,0.7273809523809524,0.665079365079365,0.7123015873015873,0.7329365079365079,53.17460317460318,79.95226730310263,0.5555555555555536
0.8,0.05,0.1,0.03968253968253968,0.7238095238095238,0.665079365079365,0.7123015873015873,0.7329365079365079,62.53968253968254,94.03341288782816,0.9126984126984095
0.8,0.05,0.15,0.007407407407407407,0.725,0.665079365079365,0.7123015873015873,0.7329365079365079,65.76719576719576,98.88623707239458,0.7936507936507908
0.8,0.05,0.2,0.014285714285714284,0.7218253968253967,0.665079365079365,0.7123015873015873,0.7329365079365079,65.07936507936508,97.85202863961814,1.1111111111111183
0.8,0.05,0.25,0.0,0.7178571428571429,0.665079365079365,0.7123015873015873,0.7329365079365079,66.5079365079365,100.0,1.5079365079365026
0.8,0.1,0.05,0.6582010582010581,0.6972222222222222,0.6862433862433862,0.6932539682539682,0.7329365079365079,2.804232804232809,4.086353122590601,3.57142857142857
0.8,0.1,0.1,0.5132275132275133,0.7119047619047619,0.6862433862433862,0.6932539682539682,0.7329365079365079,17.301587301587297,25.212027756360825,2.1031746031745957
0.8,0.1,0.15,0.10687830687830688,0.7214285714285714,0.6862433862433862,0.6932539682539682,0.7329365079365079,57.93650793650793,84.42559753276792,1.1507936507936467
0.8,0.1,0.2,0.09100529100529099,0.7190476190476189,0.6862433862433862,0.6932539682539682,0.7329365079365079,59.523809523809526,86.73862760215883,1.388888888888895
0.8,0.1,0.25,0.07089947089947089,0.7202380952380952,0.6862433862433862,0.6932539682539682,0.7329365079365079,61.53439153439153,89.66846569005396,1.2698412698412653
0.8,0.15,0.05,0.6862433862433862,0.6904761904761905,0.7132275132275132,0.680952380952381,0.7329365079365079,2.6984126984127,3.7833827893175096,4.246031746031742
0.8,0.15,0.1,0.6391534391534391,0.6948412698412698,0.7132275132275132,0.680952380952381,0.7329365079365079,7.4074074074074066,10.385756676557863,3.809523809523807
0.8,0.15,0.15,0.1529100529100529,0.71984126984127,0.7132275132275132,0.680952380952381,0.7329365079365079,56.03174603174603,78.56083086053413,1.3095238095237938
0.8,0.15,0.2,0.11746031746031746,0.7226190476190475,0.7132275132275132,0.680952380952381,0.7329365079365079,59.57671957671957,83.53115727002967,1.0317460317460392
0.8,0.15,0.25,0.1,0.7182539682539683,0.7132275132275132,0.680952380952381,0.7329365079365079,61.32275132275132,85.97922848664689,1.468253968253963
0.8,0.2,0.05,0.7380952380952381,0.6757936507936507,0.7582010582010582,0.6626984126984127,0.7329365079365079,2.010582010582007,2.651779483600833,5.714285714285716
0.8,0.2,0.1,0.6804232804232805,0.6873015873015873,0.7582010582010582,0.6626984126984127,0.7329365079365079,7.777777777777772,10.25819958129797,4.563492063492058
0.8,0.2,0.15,0.6216931216931216,0.7015873015873016,0.7582010582010582,0.6626984126984127,0.7329365079365079,13.650793650793657,18.00418702023727,3.134920634920624
0.8,0.2,0.2,0.46931216931216924,0.7170634920634922,0.7582010582010582,0.6626984126984127,0.7329365079365079,28.888888888888896,38.10188415910678,1.5873015873015706
0.8,0.2,0.25,0.16084656084656085,0.7226190476190475,0.7582010582010582,0.6626984126984127,0.7329365079365079,59.735449735449734,78.7857641311933,1.0317460317460392
